"","Site","Latitude","Longitude","Continent","Vegetation","Plot","FireFreq","FireSeason","FireStart","FireLast","SurveyYear","Duration","Grass.Cover","Percent.Cover","Percent.Basal.Cover","Grass.Basal.Area","Biomass.dry","Grass.biomass.dry.weight..10.3Kgha..1.","Grass.Biomass.Dry..tonnes.ha.","Grass.Biomass.fresh.weight","Grass.biomass.dry.weight..g.m2.","Olson_Ecoregion","grassy"
"1","Alapaha",31.16666667,-83.25,NA,NA,"2_0",0,"CONT","1942","1942","1980",NA,4.5,NA,NA,NA,NA,NA,NA,NA,NA,"Southeastern conifer forests","Yes"
"2","Alapaha",31.16666667,-83.25,NA,NA,"3_0",0.342105263,"WINTER","1942","1979","1980",NA,40.67,NA,NA,NA,NA,NA,NA,NA,NA,"Southeastern conifer forests","Yes"
"3","Alapaha",31.16666667,-83.25,NA,NA,"8_0",0.342105263,"WINTER","1942","1979","1980",NA,10.82,NA,NA,NA,NA,NA,NA,NA,NA,"Southeastern conifer forests","Yes"
"4","Alapaha",31.16666667,-83.25,NA,NA,"4_0",0.394736842,"WINTER","1942","1979","1980",NA,31.84,NA,NA,NA,NA,NA,NA,NA,NA,"Southeastern conifer forests","Yes"
"5","Alapaha",31.16666667,-83.25,NA,NA,"5_0",0.394736842,"WINTER","1942","1979","1980",NA,39.01,NA,NA,NA,NA,NA,NA,NA,NA,"Southeastern conifer forests","Yes"
"6","Alapaha",31.16666667,-83.25,NA,NA,"1_0",0.552631579,"WINTER","1942","1979","1980",NA,22.96,NA,NA,NA,NA,NA,NA,NA,NA,"Southeastern conifer forests","Yes"
"7","Alapaha",31.16666667,-83.25,NA,NA,"6_0",0.552631579,"WINTER","1942","1979","1980",NA,15.49,NA,NA,NA,NA,NA,NA,NA,NA,"Southeastern conifer forests","Yes"
"8","ChimneySpring",35.271793,-111.708191,NA,NA,"1F",0,"CONT","N/A","1907","2007",NA,2.595,NA,NA,NA,NA,NA,NA,NA,NA,"Arizona Mountains forests","No"
"9","ChimneySpring",35.271793,-111.708191,NA,NA,"1F",0,"CONT","N/A","1907","2008",NA,1.625,NA,NA,NA,NA,NA,NA,NA,NA,"Arizona Mountains forests","No"
"10","ChimneySpring",35.271793,-111.708191,NA,NA,"1I",0,"CONT","N/A","1907","2007",NA,1.185,NA,NA,NA,NA,NA,NA,NA,NA,"Arizona Mountains forests","No"
"11","ChimneySpring",35.271793,-111.708191,NA,NA,"1I",0,"CONT","N/A","1907","2008",NA,1.14,NA,NA,NA,NA,NA,NA,NA,NA,"Arizona Mountains forests","No"
"12","ChimneySpring",35.271793,-111.708191,NA,NA,"2C",0,"CONT","N/A","1907","2007",NA,3.835,NA,NA,NA,NA,NA,NA,NA,NA,"Arizona Mountains forests","No"
"13","ChimneySpring",35.271793,-111.708191,NA,NA,"2C",0,"CONT","N/A","1907","2008",NA,3.28,NA,NA,NA,NA,NA,NA,NA,NA,"Arizona Mountains forests","No"
"14","ChimneySpring",35.271793,-111.708191,NA,NA,"2A",0.125,"NOV","1975","1999","2007",NA,3.825,NA,NA,NA,NA,NA,NA,NA,NA,"Arizona Mountains forests","No"
"15","ChimneySpring",35.271793,-111.708191,NA,NA,"2A",0.125,"NOV","1975","1999","2008",NA,2.94,NA,NA,NA,NA,NA,NA,NA,NA,"Arizona Mountains forests","No"
"16","ChimneySpring",35.271793,-111.708191,NA,NA,"2B",0.125,"NOV","1975","1999","2007",NA,9.885,NA,NA,NA,NA,NA,NA,NA,NA,"Arizona Mountains forests","No"
"17","ChimneySpring",35.271793,-111.708191,NA,NA,"2B",0.125,"NOV","1975","1999","2008",NA,4.755,NA,NA,NA,NA,NA,NA,NA,NA,"Arizona Mountains forests","No"
"18","ChimneySpring",35.271793,-111.708191,NA,NA,"2H",0.125,"NOV","1975","1999","2007",NA,6.37,NA,NA,NA,NA,NA,NA,NA,NA,"Arizona Mountains forests","No"
"19","ChimneySpring",35.271793,-111.708191,NA,NA,"2H",0.125,"NOV","1975","1999","2008",NA,6.27,NA,NA,NA,NA,NA,NA,NA,NA,"Arizona Mountains forests","No"
"20","ChimneySpring",35.271793,-111.708191,NA,NA,"1A",0.25,"NOV","1975","2003","2008",NA,5.04,NA,NA,NA,NA,NA,NA,NA,NA,"Arizona Mountains forests","No"
"21","ChimneySpring",35.271793,-111.708191,NA,NA,"1A",0.25,"NOV","1975","2003","2007",NA,4.96,NA,NA,NA,NA,NA,NA,NA,NA,"Arizona Mountains forests","No"
"22","ChimneySpring",35.271793,-111.708191,NA,NA,"1D",0.25,"NOV","1975","2003","2007",NA,8.175,NA,NA,NA,NA,NA,NA,NA,NA,"Arizona Mountains forests","No"
"23","ChimneySpring",35.271793,-111.708191,NA,NA,"1D",0.25,"NOV","1975","2003","2008",NA,7.575,NA,NA,NA,NA,NA,NA,NA,NA,"Arizona Mountains forests","No"
"24","ChimneySpring",35.271793,-111.708191,NA,NA,"4B",0.25,"NOV","1975","2003","2007",NA,7.525,NA,NA,NA,NA,NA,NA,NA,NA,"Arizona Mountains forests","No"
"25","ChimneySpring",35.271793,-111.708191,NA,NA,"4B",0.25,"NOV","1975","2003","2008",NA,5.895,NA,NA,NA,NA,NA,NA,NA,NA,"Arizona Mountains forests","No"
"26","ChimneySpring",35.271793,-111.708191,NA,NA,"1B",0.1,"NOV","1975","2005","2007",NA,5.56,NA,NA,NA,NA,NA,NA,NA,NA,"Arizona Mountains forests","No"
"27","ChimneySpring",35.271793,-111.708191,NA,NA,"1B",0.1,"NOV","1975","2005","2008",NA,6.415,NA,NA,NA,NA,NA,NA,NA,NA,"Arizona Mountains forests","No"
"28","ChimneySpring",35.271793,-111.708191,NA,NA,"1C",0.1,"NOV","1975","2005","2007",NA,3.93,NA,NA,NA,NA,NA,NA,NA,NA,"Arizona Mountains forests","No"
"29","ChimneySpring",35.271793,-111.708191,NA,NA,"1C",0.1,"NOV","1975","2005","2008",NA,3.91,NA,NA,NA,NA,NA,NA,NA,NA,"Arizona Mountains forests","No"
"30","ChimneySpring",35.271793,-111.708191,NA,NA,"3D",0.1,"NOV","1975","2005","2008",NA,0.295,NA,NA,NA,NA,NA,NA,NA,NA,"Arizona Mountains forests","No"
"31","ChimneySpring",35.271793,-111.708191,NA,NA,"3D",0.1,"NOV","1975","2005","2007",NA,0.2,NA,NA,NA,NA,NA,NA,NA,NA,"Arizona Mountains forests","No"
"32","ChimneySpring",35.271793,-111.708191,NA,NA,"1G",0.166666667,"NOV","1975","2005","2007",NA,4.795,NA,NA,NA,NA,NA,NA,NA,NA,"Arizona Mountains forests","No"
"33","ChimneySpring",35.271793,-111.708191,NA,NA,"1G",0.166666667,"NOV","1975","2005","2008",NA,3.785,NA,NA,NA,NA,NA,NA,NA,NA,"Arizona Mountains forests","No"
"34","ChimneySpring",35.271793,-111.708191,NA,NA,"2F",0.166666667,"NOV","1975","2005","2007",NA,4.125,NA,NA,NA,NA,NA,NA,NA,NA,"Arizona Mountains forests","No"
"35","ChimneySpring",35.271793,-111.708191,NA,NA,"2F",0.166666667,"NOV","1975","2005","2008",NA,3.44,NA,NA,NA,NA,NA,NA,NA,NA,"Arizona Mountains forests","No"
"36","ChimneySpring",35.271793,-111.708191,NA,NA,"3F",0.166666667,"NOV","1975","2005","2007",NA,6.725,NA,NA,NA,NA,NA,NA,NA,NA,"Arizona Mountains forests","No"
"37","ChimneySpring",35.271793,-111.708191,NA,NA,"3F",0.166666667,"NOV","1975","2005","2008",NA,5.715,NA,NA,NA,NA,NA,NA,NA,NA,"Arizona Mountains forests","No"
"38","ChimneySpring",35.271793,-111.708191,NA,NA,"2G",0.5,"NOV","1975","2005","2007",NA,7.915,NA,NA,NA,NA,NA,NA,NA,NA,"Arizona Mountains forests","No"
"39","ChimneySpring",35.271793,-111.708191,NA,NA,"2G",0.5,"NOV","1975","2005","2008",NA,6.695,NA,NA,NA,NA,NA,NA,NA,NA,"Arizona Mountains forests","No"
"40","ChimneySpring",35.271793,-111.708191,NA,NA,"3B",0.5,"NOV","1975","2005","2007",NA,7.395,NA,NA,NA,NA,NA,NA,NA,NA,"Arizona Mountains forests","No"
"41","ChimneySpring",35.271793,-111.708191,NA,NA,"3B",0.5,"NOV","1975","2005","2008",NA,6.79,NA,NA,NA,NA,NA,NA,NA,NA,"Arizona Mountains forests","No"
"42","ChimneySpring",35.271793,-111.708191,NA,NA,"4A",0.5,"NOV","1975","2005","2007",NA,8.205,NA,NA,NA,NA,NA,NA,NA,NA,"Arizona Mountains forests","No"
"43","ChimneySpring",35.271793,-111.708191,NA,NA,"4A",0.5,"NOV","1975","2005","2008",NA,6.685,NA,NA,NA,NA,NA,NA,NA,NA,"Arizona Mountains forests","No"
"44","ChimneySpring",35.271793,-111.708191,NA,NA,"2D",1,"NOV","1975","2006","2007",NA,8.715,NA,NA,NA,NA,NA,NA,NA,NA,"Arizona Mountains forests","No"
"45","ChimneySpring",35.271793,-111.708191,NA,NA,"2D",1,"NOV","1975","2006","2008",NA,6.305,NA,NA,NA,NA,NA,NA,NA,NA,"Arizona Mountains forests","No"
"46","ChimneySpring",35.271793,-111.708191,NA,NA,"2E",1,"NOV","1975","2006","2008",NA,7.935,NA,NA,NA,NA,NA,NA,NA,NA,"Arizona Mountains forests","No"
"47","ChimneySpring",35.271793,-111.708191,NA,NA,"2E",1,"NOV","1975","2006","2007",NA,6.255,NA,NA,NA,NA,NA,NA,NA,NA,"Arizona Mountains forests","No"
"48","ChimneySpring",35.271793,-111.708191,NA,NA,"3A",1,"NOV","1975","2006","2007",NA,8.025,NA,NA,NA,NA,NA,NA,NA,NA,"Arizona Mountains forests","No"
"49","ChimneySpring",35.271793,-111.708191,NA,NA,"3A",1,"NOV","1975","2006","2008",NA,7.01,NA,NA,NA,NA,NA,NA,NA,NA,"Arizona Mountains forests","No"
"50","JosephJones",31.22,-84.48,NA,NA,"noplotdata",0,"CONT","2001","2001","2015",NA,31.65625,NA,NA,NA,NA,NA,NA,NA,NA,"Southeastern conifer forests","Yes"
"51","JosephJones",31.22,-84.48,NA,NA,"noplotdata",0.571428571,"FEB-APR","2001","2015","2015",NA,56.359375,NA,NA,NA,NA,NA,NA,NA,NA,"Southeastern conifer forests","Yes"
"52","Limestone",34.558498,-111.328313,NA,NA,"3F",0,"CONT","N/A","1907","2008",NA,2.665,NA,NA,NA,NA,NA,NA,NA,NA,"Arizona Mountains forests","No"
"53","Limestone",34.558498,-111.328313,NA,NA,"3F",0,"CONT","N/A","1907","2007",NA,2.13,NA,NA,NA,NA,NA,NA,NA,NA,"Arizona Mountains forests","No"
"54","Limestone",34.558498,-111.328313,NA,NA,"5C",0,"CONT","N/A","1907","2007",NA,1.485,NA,NA,NA,NA,NA,NA,NA,NA,"Arizona Mountains forests","No"
"55","Limestone",34.558498,-111.328313,NA,NA,"5C",0,"CONT","N/A","1907","2008",NA,1.475,NA,NA,NA,NA,NA,NA,NA,NA,"Arizona Mountains forests","No"
"56","Limestone",34.558498,-111.328313,NA,NA,"5E",0,"CONT","N/A","1907","2008",NA,3.89,NA,NA,NA,NA,NA,NA,NA,NA,"Arizona Mountains forests","No"
"57","Limestone",34.558498,-111.328313,NA,NA,"5E",0,"CONT","N/A","1907","2007",NA,3.17,NA,NA,NA,NA,NA,NA,NA,NA,"Arizona Mountains forests","No"
"58","Limestone",34.558498,-111.328313,NA,NA,"2D",0.125,"NOV","1975","1999","2008",NA,3.075,NA,NA,NA,NA,NA,NA,NA,NA,"Arizona Mountains forests","No"
"59","Limestone",34.558498,-111.328313,NA,NA,"2D",0.125,"NOV","1975","1999","2007",NA,1.805,NA,NA,NA,NA,NA,NA,NA,NA,"Arizona Mountains forests","No"
"60","Limestone",34.558498,-111.328313,NA,NA,"3B",0.125,"NOV","1975","1999","2007",NA,3.875,NA,NA,NA,NA,NA,NA,NA,NA,"Arizona Mountains forests","No"
"61","Limestone",34.558498,-111.328313,NA,NA,"3B",0.125,"NOV","1975","1999","2008",NA,3.845,NA,NA,NA,NA,NA,NA,NA,NA,"Arizona Mountains forests","No"
"62","Limestone",34.558498,-111.328313,NA,NA,"5A",0.125,"NOV","1975","1999","2008",NA,6.945,NA,NA,NA,NA,NA,NA,NA,NA,"Arizona Mountains forests","No"
"63","Limestone",34.558498,-111.328313,NA,NA,"5A",0.125,"NOV","1975","1999","2007",NA,2.805,NA,NA,NA,NA,NA,NA,NA,NA,"Arizona Mountains forests","No"
"64","Limestone",34.558498,-111.328313,NA,NA,"3E",0.25,"NOV","1975","2003","2008",NA,4.13,NA,NA,NA,NA,NA,NA,NA,NA,"Arizona Mountains forests","No"
"65","Limestone",34.558498,-111.328313,NA,NA,"3E",0.25,"NOV","1975","2003","2007",NA,2.15,NA,NA,NA,NA,NA,NA,NA,NA,"Arizona Mountains forests","No"
"66","Limestone",34.558498,-111.328313,NA,NA,"4C",0.25,"NOV","1975","2003","2008",NA,4.035,NA,NA,NA,NA,NA,NA,NA,NA,"Arizona Mountains forests","No"
"67","Limestone",34.558498,-111.328313,NA,NA,"4C",0.25,"NOV","1975","2003","2007",NA,2.845,NA,NA,NA,NA,NA,NA,NA,NA,"Arizona Mountains forests","No"
"68","Limestone",34.558498,-111.328313,NA,NA,"4E",0.25,"NOV","1975","2003","2008",NA,0.88,NA,NA,NA,NA,NA,NA,NA,NA,"Arizona Mountains forests","No"
"69","Limestone",34.558498,-111.328313,NA,NA,"4E",0.25,"NOV","1975","2003","2007",NA,0.7,NA,NA,NA,NA,NA,NA,NA,NA,"Arizona Mountains forests","No"
"70","Limestone",34.558498,-111.328313,NA,NA,"2B",0.1,"NOV","1975","2005","2007",NA,3.1,NA,NA,NA,NA,NA,NA,NA,NA,"Arizona Mountains forests","No"
"71","Limestone",34.558498,-111.328313,NA,NA,"2B",0.1,"NOV","1975","2005","2008",NA,1.78,NA,NA,NA,NA,NA,NA,NA,NA,"Arizona Mountains forests","No"
"72","Limestone",34.558498,-111.328313,NA,NA,"2E",0.1,"NOV","1975","2005","2008",NA,1.355,NA,NA,NA,NA,NA,NA,NA,NA,"Arizona Mountains forests","No"
"73","Limestone",34.558498,-111.328313,NA,NA,"2E",0.1,"NOV","1975","2005","2007",NA,0.85,NA,NA,NA,NA,NA,NA,NA,NA,"Arizona Mountains forests","No"
"74","Limestone",34.558498,-111.328313,NA,NA,"5D",0.1,"NOV","1975","2005","2008",NA,4.095,NA,NA,NA,NA,NA,NA,NA,NA,"Arizona Mountains forests","No"
"75","Limestone",34.558498,-111.328313,NA,NA,"5D",0.1,"NOV","1975","2005","2007",NA,2.65,NA,NA,NA,NA,NA,NA,NA,NA,"Arizona Mountains forests","No"
"76","Limestone",34.558498,-111.328313,NA,NA,"4F",0.1666667,"NOV","1975","2005","2007",NA,13,NA,NA,NA,NA,NA,NA,NA,NA,"Arizona Mountains forests","No"
"77","Limestone",34.558498,-111.328313,NA,NA,"4F",0.1666667,"NOV","1975","2005","2008",NA,8.61,NA,NA,NA,NA,NA,NA,NA,NA,"Arizona Mountains forests","No"
"78","Limestone",34.558498,-111.328313,NA,NA,"5B",0.1666667,"NOV","1975","2005","2007",NA,6.07,NA,NA,NA,NA,NA,NA,NA,NA,"Arizona Mountains forests","No"
"79","Limestone",34.558498,-111.328313,NA,NA,"5B",0.1666667,"NOV","1975","2005","2008",NA,4.895,NA,NA,NA,NA,NA,NA,NA,NA,"Arizona Mountains forests","No"
"80","Limestone",34.558498,-111.328313,NA,NA,"5F",0.1666667,"NOV","1975","2005","2007",NA,3.58,NA,NA,NA,NA,NA,NA,NA,NA,"Arizona Mountains forests","No"
"81","Limestone",34.558498,-111.328313,NA,NA,"5F",0.1666667,"NOV","1975","2005","2008",NA,2.91,NA,NA,NA,NA,NA,NA,NA,NA,"Arizona Mountains forests","No"
"82","Limestone",34.558498,-111.328313,NA,NA,"2A",0.5,"NOV","1975","2005","2008",NA,5.615,NA,NA,NA,NA,NA,NA,NA,NA,"Arizona Mountains forests","No"
"83","Limestone",34.558498,-111.328313,NA,NA,"2A",0.5,"NOV","1975","2005","2007",NA,2.91,NA,NA,NA,NA,NA,NA,NA,NA,"Arizona Mountains forests","No"
"84","Limestone",34.558498,-111.328313,NA,NA,"3D",0.5,"NOV","1975","2005","2007",NA,2.68,NA,NA,NA,NA,NA,NA,NA,NA,"Arizona Mountains forests","No"
"85","Limestone",34.558498,-111.328313,NA,NA,"3D",0.5,"NOV","1975","2005","2008",NA,3.265,NA,NA,NA,NA,NA,NA,NA,NA,"Arizona Mountains forests","No"
"86","Limestone",34.558498,-111.328313,NA,NA,"4D",0.5,"NOV","1975","2005","2007",NA,1.625,NA,NA,NA,NA,NA,NA,NA,NA,"Arizona Mountains forests","No"
"87","Limestone",34.558498,-111.328313,NA,NA,"4D",0.5,"NOV","1975","2005","2008",NA,1.055,NA,NA,NA,NA,NA,NA,NA,NA,"Arizona Mountains forests","No"
"88","Limestone",34.558498,-111.328313,NA,NA,"3A",1,"NOV","1975","2006","2008",NA,6.74,NA,NA,NA,NA,NA,NA,NA,NA,"Arizona Mountains forests","No"
"89","Limestone",34.558498,-111.328313,NA,NA,"3A",1,"NOV","1975","2006","2007",NA,3.15,NA,NA,NA,NA,NA,NA,NA,NA,"Arizona Mountains forests","No"
"90","Limestone",34.558498,-111.328313,NA,NA,"4A",1,"NOV","1975","2006","2008",NA,3.38,NA,NA,NA,NA,NA,NA,NA,NA,"Arizona Mountains forests","No"
"91","Limestone",34.558498,-111.328313,NA,NA,"4A",1,"NOV","1975","2006","2007",NA,1.495,NA,NA,NA,NA,NA,NA,NA,NA,"Arizona Mountains forests","No"
"92","Limestone",34.558498,-111.328313,NA,NA,"4B",1,"NOV","1975","2006","2008",NA,4.205,NA,NA,NA,NA,NA,NA,NA,NA,"Arizona Mountains forests","No"
"93","Limestone",34.558498,-111.328313,NA,NA,"4B",1,"NOV","1975","2006","2007",NA,2.53,NA,NA,NA,NA,NA,NA,NA,NA,"Arizona Mountains forests","No"
"94","TallTimbers",30.65,-84.2,NA,NA,"75B",0,"CONT","1960","1960","2007",NA,3.9,NA,NA,NA,NA,NA,NA,NA,NA,"Southeastern conifer forests","Yes"
"95","TallTimbers",30.65,-84.2,NA,NA,"NB66",0,"CONT","1960","1960","2007",NA,1.8,NA,NA,NA,NA,NA,NA,NA,NA,"Southeastern conifer forests","Yes"
"96","TallTimbers",30.65,-84.2,NA,NA,"UA",0,"CONT","1960","1960","2007",NA,0.4,NA,NA,NA,NA,NA,NA,NA,NA,"Southeastern conifer forests","Yes"
"97","TallTimbers",30.65,-84.2,NA,NA,"W4A",0.3138298,"FEB-APR","1960","2007","2007",NA,7.4,NA,NA,NA,NA,NA,NA,NA,NA,"Southeastern conifer forests","Yes"
"98","TallTimbers",30.65,-84.2,NA,NA,"W4B",0.3138298,"FEB-APR","1960","2007","2007",NA,7.4,NA,NA,NA,NA,NA,NA,NA,NA,"Southeastern conifer forests","Yes"
"99","TallTimbers",30.65,-84.2,NA,NA,"W4C",0.3138298,"FEB-APR","1960","2007","2007",NA,8.2,NA,NA,NA,NA,NA,NA,NA,NA,"Southeastern conifer forests","Yes"
"100","TallTimbers",30.65,-84.2,NA,NA,"W3A",0.3333333,"FEB-APR","1960","2007","2007",NA,7,NA,NA,NA,NA,NA,NA,NA,NA,"Southeastern conifer forests","Yes"
"101","TallTimbers",30.65,-84.2,NA,NA,"W3B",0.3333333,"FEB-APR","1960","2007","2007",NA,5.9,NA,NA,NA,NA,NA,NA,NA,NA,"Southeastern conifer forests","Yes"
"102","TallTimbers",30.65,-84.2,NA,NA,"W3C",0.3333333,"FEB-APR","1960","2007","2007",NA,4.3,NA,NA,NA,NA,NA,NA,NA,NA,"Southeastern conifer forests","Yes"
"103","TallTimbers",30.65,-84.2,NA,NA,"W2A",0.5,"FEB-APR","1960","2007","2007",NA,31.1,NA,NA,NA,NA,NA,NA,NA,NA,"Southeastern conifer forests","Yes"
"104","TallTimbers",30.65,-84.2,NA,NA,"W2B",0.5,"FEB-APR","1960","2007","2007",NA,21.3,NA,NA,NA,NA,NA,NA,NA,NA,"Southeastern conifer forests","Yes"
"105","TallTimbers",30.65,-84.2,NA,NA,"W2C",0.5,"FEB-APR","1960","2007","2007",NA,22.7,NA,NA,NA,NA,NA,NA,NA,NA,"Southeastern conifer forests","Yes"
"106","TallTimbers",30.65,-84.2,NA,NA,"W1A",1,"FEB-APR","1960","2007","2007",NA,78.9,NA,NA,NA,NA,NA,NA,NA,NA,"Southeastern conifer forests","Yes"
"107","TallTimbers",30.65,-84.2,NA,NA,"W1B",1,"FEB-APR","1960","2007","2007",NA,25.9,NA,NA,NA,NA,NA,NA,NA,NA,"Southeastern conifer forests","Yes"
"108","TallTimbers",30.65,-84.2,NA,NA,"W1C",1,"FEB-APR","1960","2007","2007",NA,23.3,NA,NA,NA,NA,NA,NA,NA,NA,"Southeastern conifer forests","Yes"
"109","Tiogo",12.22,-2.7,NA,NA,"1_114_0_0",0,"CONT","N/A","1991","1992",NA,98.6575,NA,NA,NA,NA,NA,NA,NA,NA,"West Sudanian savanna","Yes"
"110","Tiogo",12.22,-2.7,NA,NA,"2_208_0_0",0,"CONT","N/A","1991","1992",NA,98.2353,NA,NA,NA,NA,NA,NA,NA,NA,"West Sudanian savanna","Yes"
"111","Tiogo",12.22,-2.7,NA,NA,"3_303_0_0",0,"CONT","N/A","1991","1992",NA,92.2681,NA,NA,NA,NA,NA,NA,NA,NA,"West Sudanian savanna","Yes"
"112","Tiogo",12.22,-2.7,NA,NA,"4_415_0_0",0,"CONT","N/A","1991","1992",NA,78.4314,NA,NA,NA,NA,NA,NA,NA,NA,"West Sudanian savanna","Yes"
"113","Tiogo",12.22,-2.7,NA,NA,"1_101_0_0",1,"OCTNOV","1991","1991","1992",NA,99.4048,NA,NA,NA,NA,NA,NA,NA,NA,"West Sudanian savanna","Yes"
"114","Tiogo",12.22,-2.7,NA,NA,"2_201_0_0",1,"OCTNOV","1991","1991","1992",NA,94.4442,NA,NA,NA,NA,NA,NA,NA,NA,"West Sudanian savanna","Yes"
"115","Tiogo",12.22,-2.7,NA,NA,"3_314_0_0",1,"OCTNOV","1991","1991","1992",NA,73.0995,NA,NA,NA,NA,NA,NA,NA,NA,"West Sudanian savanna","Yes"
"116","Tiogo",12.22,-2.7,NA,NA,"4_408_0_0",1,"OCTNOV","1991","1991","1992",NA,74.1575,NA,NA,NA,NA,NA,NA,NA,NA,"West Sudanian savanna","Yes"
"117","Tiogo",12.22,-2.7,NA,NA,"1_114_0_0",0,"CONT","N/A","1992","1993",NA,92.8177,NA,NA,NA,NA,NA,NA,NA,NA,"West Sudanian savanna","Yes"
"118","Tiogo",12.22,-2.7,NA,NA,"2_208_0_0",0,"CONT","N/A","1992","1993",NA,94.3504,NA,NA,NA,NA,NA,NA,NA,NA,"West Sudanian savanna","Yes"
"119","Tiogo",12.22,-2.7,NA,NA,"3_303_0_0",0,"CONT","N/A","1992","1993",NA,93.6275,NA,NA,NA,NA,NA,NA,NA,NA,"West Sudanian savanna","Yes"
"120","Tiogo",12.22,-2.7,NA,NA,"4_415_0_0",0,"CONT","N/A","1992","1993",NA,96.4539,NA,NA,NA,NA,NA,NA,NA,NA,"West Sudanian savanna","Yes"
"121","Tiogo",12.22,-2.7,NA,NA,"1_101_0_0",1,"OCTNOV","1991","1992","1993",NA,97.2376,NA,NA,NA,NA,NA,NA,NA,NA,"West Sudanian savanna","Yes"
"122","Tiogo",12.22,-2.7,NA,NA,"2_201_0_0",1,"OCTNOV","1991","1992","1993",NA,82.4468,NA,NA,NA,NA,NA,NA,NA,NA,"West Sudanian savanna","Yes"
"123","Tiogo",12.22,-2.7,NA,NA,"3_314_0_0",1,"OCTNOV","1991","1992","1993",NA,81.0343,NA,NA,NA,NA,NA,NA,NA,NA,"West Sudanian savanna","Yes"
"124","Tiogo",12.22,-2.7,NA,NA,"4_408_0_0",1,"OCTNOV","1991","1992","1993",NA,78.0142,NA,NA,NA,NA,NA,NA,NA,NA,"West Sudanian savanna","Yes"
"125","Tiogo",12.22,-2.7,NA,NA,"1_114_0_0",0,"CONT","N/A","1993","1994",NA,83.2216,NA,NA,NA,NA,NA,NA,NA,NA,"West Sudanian savanna","Yes"
"126","Tiogo",12.22,-2.7,NA,NA,"2_208_0_0",0,"CONT","N/A","1993","1994",NA,89.7438,NA,NA,NA,NA,NA,NA,NA,NA,"West Sudanian savanna","Yes"
"127","Tiogo",12.22,-2.7,NA,NA,"3_303_0_0",0,"CONT","N/A","1993","1994",NA,93.2773,NA,NA,NA,NA,NA,NA,NA,NA,"West Sudanian savanna","Yes"
"128","Tiogo",12.22,-2.7,NA,NA,"4_415_0_0",0,"CONT","N/A","1993","1994",NA,92.9488,NA,NA,NA,NA,NA,NA,NA,NA,"West Sudanian savanna","Yes"
"129","Tiogo",12.22,-2.7,NA,NA,"1_101_0_0",1,"OCTNOV","1991","1993","1994",NA,96.3191,NA,NA,NA,NA,NA,NA,NA,NA,"West Sudanian savanna","Yes"
"130","Tiogo",12.22,-2.7,NA,NA,"2_201_0_0",1,"OCTNOV","1991","1993","1994",NA,89.6227,NA,NA,NA,NA,NA,NA,NA,NA,"West Sudanian savanna","Yes"
"131","Tiogo",12.22,-2.7,NA,NA,"3_314_0_0",1,"OCTNOV","1991","1993","1994",NA,49.4949,NA,NA,NA,NA,NA,NA,NA,NA,"West Sudanian savanna","Yes"
"132","Tiogo",12.22,-2.7,NA,NA,"4_408_0_0",1,"OCTNOV","1991","1993","1994",NA,80.5755,NA,NA,NA,NA,NA,NA,NA,NA,"West Sudanian savanna","Yes"
"133","Tiogo",12.22,-2.7,NA,NA,"1_114_0_0",0,"CONT","N/A","1994","1995",NA,96.2963,NA,NA,NA,NA,NA,NA,NA,NA,"West Sudanian savanna","Yes"
"134","Tiogo",12.22,-2.7,NA,NA,"2_208_0_0",0,"CONT","N/A","1994","1995",NA,95.3271,NA,NA,NA,NA,NA,NA,NA,NA,"West Sudanian savanna","Yes"
"135","Tiogo",12.22,-2.7,NA,NA,"3_303_0_0",0,"CONT","N/A","1994","1995",NA,90.7896,NA,NA,NA,NA,NA,NA,NA,NA,"West Sudanian savanna","Yes"
"136","Tiogo",12.22,-2.7,NA,NA,"4_415_0_0",0,"CONT","N/A","1994","1995",NA,96.0396,NA,NA,NA,NA,NA,NA,NA,NA,"West Sudanian savanna","Yes"
"137","Tiogo",12.22,-2.7,NA,NA,"1_101_0_0",1,"OCTNOV","1991","1994","1995",NA,90.6667,NA,NA,NA,NA,NA,NA,NA,NA,"West Sudanian savanna","Yes"
"138","Tiogo",12.22,-2.7,NA,NA,"2_201_0_0",1,"OCTNOV","1991","1994","1995",NA,89.3617,NA,NA,NA,NA,NA,NA,NA,NA,"West Sudanian savanna","Yes"
"139","Tiogo",12.22,-2.7,NA,NA,"3_314_0_0",1,"OCTNOV","1991","1994","1995",NA,93.1819,NA,NA,NA,NA,NA,NA,NA,NA,"West Sudanian savanna","Yes"
"140","Tiogo",12.22,-2.7,NA,NA,"4_408_0_0",1,"OCTNOV","1991","1994","1995",NA,62.1052,NA,NA,NA,NA,NA,NA,NA,NA,"West Sudanian savanna","Yes"
"141","Tiogo",12.22,-2.7,NA,NA,"1_114_0_0",0,"CONT","N/A","1995","1996",NA,95.2128,NA,NA,NA,NA,NA,NA,NA,NA,"West Sudanian savanna","Yes"
"142","Tiogo",12.22,-2.7,NA,NA,"2_208_0_0",0,"CONT","N/A","1995","1996",NA,96.5987,NA,NA,NA,NA,NA,NA,NA,NA,"West Sudanian savanna","Yes"
"143","Tiogo",12.22,-2.7,NA,NA,"3_303_0_0",0,"CONT","N/A","1995","1996",NA,93.4212,NA,NA,NA,NA,NA,NA,NA,NA,"West Sudanian savanna","Yes"
"144","Tiogo",12.22,-2.7,NA,NA,"4_415_0_0",0,"CONT","N/A","1995","1996",NA,93.6937,NA,NA,NA,NA,NA,NA,NA,NA,"West Sudanian savanna","Yes"
"145","Tiogo",12.22,-2.7,NA,NA,"1_101_0_0",1,"OCTNOV","1991","1995","1996",NA,86.7469,NA,NA,NA,NA,NA,NA,NA,NA,"West Sudanian savanna","Yes"
"146","Tiogo",12.22,-2.7,NA,NA,"2_201_0_0",1,"OCTNOV","1991","1995","1996",NA,85.7141,NA,NA,NA,NA,NA,NA,NA,NA,"West Sudanian savanna","Yes"
"147","Tiogo",12.22,-2.7,NA,NA,"3_314_0_0",1,"OCTNOV","1991","1995","1996",NA,71.6052,NA,NA,NA,NA,NA,NA,NA,NA,"West Sudanian savanna","Yes"
"148","Tiogo",12.22,-2.7,NA,NA,"4_408_0_0",1,"OCTNOV","1991","1995","1996",NA,78.3216,NA,NA,NA,NA,NA,NA,NA,NA,"West Sudanian savanna","Yes"
"149","Tiogo",12.22,-2.7,NA,NA,"1_114_0_0",0,"CONT","N/A","1996","1997",NA,94.0399,NA,NA,NA,NA,NA,NA,NA,NA,"West Sudanian savanna","Yes"
"150","Tiogo",12.22,-2.7,NA,NA,"2_208_0_0",0,"CONT","N/A","1996","1997",NA,98.3471,NA,NA,NA,NA,NA,NA,NA,NA,"West Sudanian savanna","Yes"
"151","Tiogo",12.22,-2.7,NA,NA,"3_303_0_0",0,"CONT","N/A","1996","1997",NA,92.6175,NA,NA,NA,NA,NA,NA,NA,NA,"West Sudanian savanna","Yes"
"152","Tiogo",12.22,-2.7,NA,NA,"4_415_0_0",0,"CONT","N/A","1996","1997",NA,90,NA,NA,NA,NA,NA,NA,NA,NA,"West Sudanian savanna","Yes"
"153","Tiogo",12.22,-2.7,NA,NA,"1_101_0_0",1,"OCTNOV","1991","1996","1997",NA,90.909,NA,NA,NA,NA,NA,NA,NA,NA,"West Sudanian savanna","Yes"
"154","Tiogo",12.22,-2.7,NA,NA,"2_201_0_0",1,"OCTNOV","1991","1996","1997",NA,95.9183,NA,NA,NA,NA,NA,NA,NA,NA,"West Sudanian savanna","Yes"
"155","Tiogo",12.22,-2.7,NA,NA,"3_314_0_0",1,"OCTNOV","1991","1996","1997",NA,75.5727,NA,NA,NA,NA,NA,NA,NA,NA,"West Sudanian savanna","Yes"
"156","Tiogo",12.22,-2.7,NA,NA,"4_408_0_0",1,"OCTNOV","1991","1996","1997",NA,77.5701,NA,NA,NA,NA,NA,NA,NA,NA,"West Sudanian savanna","Yes"
"157","Tiogo",12.22,-2.7,NA,NA,"1_114_0_0",0,"CONT","N/A","1997","1998",NA,94.2308,NA,NA,NA,NA,NA,NA,NA,NA,"West Sudanian savanna","Yes"
"158","Tiogo",12.22,-2.7,NA,NA,"2_208_0_0",0,"CONT","N/A","1997","1998",NA,95.6205,NA,NA,NA,NA,NA,NA,NA,NA,"West Sudanian savanna","Yes"
"159","Tiogo",12.22,-2.7,NA,NA,"3_303_0_0",0,"CONT","N/A","1997","1998",NA,85.7143,NA,NA,NA,NA,NA,NA,NA,NA,"West Sudanian savanna","Yes"
"160","Tiogo",12.22,-2.7,NA,NA,"4_415_0_0",0,"CONT","N/A","1997","1998",NA,95.5056,NA,NA,NA,NA,NA,NA,NA,NA,"West Sudanian savanna","Yes"
"161","Tiogo",12.22,-2.7,NA,NA,"1_101_0_0",1,"OCTNOV","1991","1997","1998",NA,96.8504,NA,NA,NA,NA,NA,NA,NA,NA,"West Sudanian savanna","Yes"
"162","Tiogo",12.22,-2.7,NA,NA,"2_201_0_0",1,"OCTNOV","1991","1997","1998",NA,72.2222,NA,NA,NA,NA,NA,NA,NA,NA,"West Sudanian savanna","Yes"
"163","Tiogo",12.22,-2.7,NA,NA,"3_314_0_0",1,"OCTNOV","1991","1997","1998",NA,59.7826,NA,NA,NA,NA,NA,NA,NA,NA,"West Sudanian savanna","Yes"
"164","Tiogo",12.22,-2.7,NA,NA,"4_408_0_0",1,"OCTNOV","1991","1997","1998",NA,75.4902,NA,NA,NA,NA,NA,NA,NA,NA,"West Sudanian savanna","Yes"
"165","Tiogo",12.22,-2.7,NA,NA,"1_114_0_0",0,"CONT","N/A","1998","1999",NA,90.9092,NA,NA,NA,NA,NA,NA,NA,NA,"West Sudanian savanna","Yes"
"166","Tiogo",12.22,-2.7,NA,NA,"2_208_0_0",0,"CONT","N/A","1998","1999",NA,96.8255,NA,NA,NA,NA,NA,NA,NA,NA,"West Sudanian savanna","Yes"
"167","Tiogo",12.22,-2.7,NA,NA,"3_303_0_0",0,"CONT","N/A","1998","1999",NA,100,NA,NA,NA,NA,NA,NA,NA,NA,"West Sudanian savanna","Yes"
"168","Tiogo",12.22,-2.7,NA,NA,"4_415_0_0",0,"CONT","N/A","1998","1999",NA,99.9999,NA,NA,NA,NA,NA,NA,NA,NA,"West Sudanian savanna","Yes"
"169","Tiogo",12.22,-2.7,NA,NA,"1_101_0_0",1,"OCTNOV","1991","1998","1999",NA,100,NA,NA,NA,NA,NA,NA,NA,NA,"West Sudanian savanna","Yes"
"170","Tiogo",12.22,-2.7,NA,NA,"2_201_0_0",1,"OCTNOV","1991","1998","1999",NA,85.1239,NA,NA,NA,NA,NA,NA,NA,NA,"West Sudanian savanna","Yes"
"171","Tiogo",12.22,-2.7,NA,NA,"3_314_0_0",1,"OCTNOV","1991","1998","1999",NA,69.6721,NA,NA,NA,NA,NA,NA,NA,NA,"West Sudanian savanna","Yes"
"172","Tiogo",12.22,-2.7,NA,NA,"4_408_0_0",1,"OCTNOV","1991","1998","1999",NA,73.077,NA,NA,NA,NA,NA,NA,NA,NA,"West Sudanian savanna","Yes"
"173","Tiogo",12.22,-2.7,NA,NA,"1_114_0_0",0,"CONT","N/A","1999","2000",NA,95.8525,NA,NA,NA,NA,NA,NA,NA,NA,"West Sudanian savanna","Yes"
"174","Tiogo",12.22,-2.7,NA,NA,"2_208_0_0",0,"CONT","N/A","1999","2000",NA,99.5024,NA,NA,NA,NA,NA,NA,NA,NA,"West Sudanian savanna","Yes"
"175","Tiogo",12.22,-2.7,NA,NA,"3_303_0_0",0,"CONT","N/A","1999","2000",NA,85.8976,NA,NA,NA,NA,NA,NA,NA,NA,"West Sudanian savanna","Yes"
"176","Tiogo",12.22,-2.7,NA,NA,"4_415_0_0",0,"CONT","N/A","1999","2000",NA,100,NA,NA,NA,NA,NA,NA,NA,NA,"West Sudanian savanna","Yes"
"177","Tiogo",12.22,-2.7,NA,NA,"1_101_0_0",1,"OCTNOV","1991","1999","2000",NA,94.1176,NA,NA,NA,NA,NA,NA,NA,NA,"West Sudanian savanna","Yes"
"178","Tiogo",12.22,-2.7,NA,NA,"2_201_0_0",1,"OCTNOV","1991","1999","2000",NA,87.234,NA,NA,NA,NA,NA,NA,NA,NA,"West Sudanian savanna","Yes"
"179","Tiogo",12.22,-2.7,NA,NA,"3_314_0_0",1,"OCTNOV","1991","1999","2000",NA,92.1428,NA,NA,NA,NA,NA,NA,NA,NA,"West Sudanian savanna","Yes"
"180","Tiogo",12.22,-2.7,NA,NA,"4_408_0_0",1,"OCTNOV","1991","1999","2000",NA,96.1165,NA,NA,NA,NA,NA,NA,NA,NA,"West Sudanian savanna","Yes"
"181","Tiogo",12.22,-2.7,NA,NA,"1_114_0_0",0,"CONT","N/A","2000","2001",NA,95.238,NA,NA,NA,NA,NA,NA,NA,NA,"West Sudanian savanna","Yes"
"182","Tiogo",12.22,-2.7,NA,NA,"2_208_0_0",0,"CONT","N/A","2000","2001",NA,97.3822,NA,NA,NA,NA,NA,NA,NA,NA,"West Sudanian savanna","Yes"
"183","Tiogo",12.22,-2.7,NA,NA,"3_303_0_0",0,"CONT","N/A","2000","2001",NA,79.6536,NA,NA,NA,NA,NA,NA,NA,NA,"West Sudanian savanna","Yes"
"184","Tiogo",12.22,-2.7,NA,NA,"4_415_0_0",0,"CONT","N/A","2000","2001",NA,98.9795,NA,NA,NA,NA,NA,NA,NA,NA,"West Sudanian savanna","Yes"
"185","Tiogo",12.22,-2.7,NA,NA,"1_101_0_0",1,"OCTNOV","1991","2000","2001",NA,95.0921,NA,NA,NA,NA,NA,NA,NA,NA,"West Sudanian savanna","Yes"
"186","Tiogo",12.22,-2.7,NA,NA,"2_201_0_0",1,"OCTNOV","1991","2000","2001",NA,86.0466,NA,NA,NA,NA,NA,NA,NA,NA,"West Sudanian savanna","Yes"
"187","Tiogo",12.22,-2.7,NA,NA,"3_314_0_0",1,"OCTNOV","1991","2000","2001",NA,80.6121,NA,NA,NA,NA,NA,NA,NA,NA,"West Sudanian savanna","Yes"
"188","Tiogo",12.22,-2.7,NA,NA,"4_408_0_0",1,"OCTNOV","1991","2000","2001",NA,83.4644,NA,NA,NA,NA,NA,NA,NA,NA,"West Sudanian savanna","Yes"
"189","Tiogo",12.22,-2.7,NA,NA,"1_114_0_0",0,"CONT","N/A","2001","2002",NA,80.5148,NA,NA,NA,NA,NA,NA,NA,NA,"West Sudanian savanna","Yes"
"190","Tiogo",12.22,-2.7,NA,NA,"2_208_0_0",0,"CONT","N/A","2001","2002",NA,87.2483,NA,NA,NA,NA,NA,NA,NA,NA,"West Sudanian savanna","Yes"
"191","Tiogo",12.22,-2.7,NA,NA,"3_303_0_0",0,"CONT","N/A","2001","2002",NA,67.3227,NA,NA,NA,NA,NA,NA,NA,NA,"West Sudanian savanna","Yes"
"192","Tiogo",12.22,-2.7,NA,NA,"4_415_0_0",0,"CONT","N/A","2001","2002",NA,94.5205,NA,NA,NA,NA,NA,NA,NA,NA,"West Sudanian savanna","Yes"
"193","Tiogo",12.22,-2.7,NA,NA,"1_101_0_0",1,"OCTNOV","1991","2001","2002",NA,90.2876,NA,NA,NA,NA,NA,NA,NA,NA,"West Sudanian savanna","Yes"
"194","Tiogo",12.22,-2.7,NA,NA,"2_201_0_0",1,"OCTNOV","1991","2001","2002",NA,74.4527,NA,NA,NA,NA,NA,NA,NA,NA,"West Sudanian savanna","Yes"
"195","Tiogo",12.22,-2.7,NA,NA,"3_314_0_0",1,"OCTNOV","1991","2001","2002",NA,86.331,NA,NA,NA,NA,NA,NA,NA,NA,"West Sudanian savanna","Yes"
"196","Tiogo",12.22,-2.7,NA,NA,"4_408_0_0",1,"OCTNOV","1991","2001","2002",NA,82.9787,NA,NA,NA,NA,NA,NA,NA,NA,"West Sudanian savanna","Yes"
"197","Tiogo",12.22,-2.7,NA,NA,"1_114_0_0",0,"CONT","N/A","2002","2003",NA,89.1474,NA,NA,NA,NA,NA,NA,NA,NA,"West Sudanian savanna","Yes"
"198","Tiogo",12.22,-2.7,NA,NA,"2_208_0_0",0,"CONT","N/A","2002","2003",NA,90.5982,NA,NA,NA,NA,NA,NA,NA,NA,"West Sudanian savanna","Yes"
"199","Tiogo",12.22,-2.7,NA,NA,"3_303_0_0",0,"CONT","N/A","2002","2003",NA,89.5028,NA,NA,NA,NA,NA,NA,NA,NA,"West Sudanian savanna","Yes"
"200","Tiogo",12.22,-2.7,NA,NA,"4_415_0_0",0,"CONT","N/A","2002","2003",NA,100,NA,NA,NA,NA,NA,NA,NA,NA,"West Sudanian savanna","Yes"
"201","Tiogo",12.22,-2.7,NA,NA,"1_101_0_0",1,"OCTNOV","1991","2002","2003",NA,95.3754,NA,NA,NA,NA,NA,NA,NA,NA,"West Sudanian savanna","Yes"
"202","Tiogo",12.22,-2.7,NA,NA,"2_201_0_0",1,"OCTNOV","1991","2002","2003",NA,85.2942,NA,NA,NA,NA,NA,NA,NA,NA,"West Sudanian savanna","Yes"
"203","Tiogo",12.22,-2.7,NA,NA,"3_314_0_0",1,"OCTNOV","1991","2002","2003",NA,88.5715,NA,NA,NA,NA,NA,NA,NA,NA,"West Sudanian savanna","Yes"
"204","Tiogo",12.22,-2.7,NA,NA,"4_408_0_0",1,"OCTNOV","1991","2002","2003",NA,71.4284,NA,NA,NA,NA,NA,NA,NA,NA,"West Sudanian savanna","Yes"
"205","Ukulinga",-29.67,30.4,NA,NA,"A810C1_M",0.333,"N/A","1950","2007","2010",NA,103.01,NA,NA,NA,NA,NA,NA,NA,NA,"Drakensberg montane grasslands, woodlands and forests","Yes"
"206","Ukulinga",-29.67,30.4,NA,NA,"A810C2_M",0.333,"N/A","1950","2007","2010",NA,40.78,NA,NA,NA,NA,NA,NA,NA,NA,"Drakensberg montane grasslands, woodlands and forests","Yes"
"207","Ukulinga",-29.67,30.4,NA,NA,"A810C3_M",0.333,"N/A","1950","2007","2010",NA,75.77,NA,NA,NA,NA,NA,NA,NA,NA,"Drakensberg montane grasslands, woodlands and forests","Yes"
"208","Ukulinga",-29.67,30.4,NA,NA,"A310C1_A",1,"N/A","1950","2009","2010",NA,109.91,NA,NA,NA,NA,NA,NA,NA,NA,"Drakensberg montane grasslands, woodlands and forests","Yes"
"209","Ukulinga",-29.67,30.4,NA,NA,"A310C2_A",1,"N/A","1950","2009","2010",NA,112.9,NA,NA,NA,NA,NA,NA,NA,NA,"Drakensberg montane grasslands, woodlands and forests","Yes"
"210","Ukulinga",-29.67,30.4,NA,NA,"A310C3_A",1,"N/A","1950","2009","2010",NA,96.13,NA,NA,NA,NA,NA,NA,NA,NA,"Drakensberg montane grasslands, woodlands and forests","Yes"
"211","Ukulinga",-29.67,30.4,NA,NA,"A110C1_U",0,"N/A","N/A","N/A","2010",NA,43.63,NA,NA,NA,NA,NA,NA,NA,NA,"Drakensberg montane grasslands, woodlands and forests","Yes"
"212","Ukulinga",-29.67,30.4,NA,NA,"A110C2_U",0,"N/A","N/A","N/A","2010",NA,14.27,NA,NA,NA,NA,NA,NA,NA,NA,"Drakensberg montane grasslands, woodlands and forests","Yes"
"213","Ukulinga",-29.67,30.4,NA,NA,"A110C3_U",0,"N/A","N/A","N/A","2010",NA,20.5,NA,NA,NA,NA,NA,NA,NA,NA,"Drakensberg montane grasslands, woodlands and forests","Yes"
"214","Yenisei",60,92,NA,NA,"204_lichen_type",0.02314815,"N/A","N/A","1951.5","1998",NA,0.5,NA,NA,NA,NA,NA,NA,NA,NA,"East Siberian taiga","No"
"215","Yenisei",60,92,NA,NA,"383_lichen_type",0.02314815,"N/A","N/A","1951.5","1998",NA,0.5,NA,NA,NA,NA,NA,NA,NA,NA,"East Siberian taiga","No"
"216","Yenisei",60,92,NA,NA,"266_vaccinium_type",0.02415459,"N/A","N/A","1961.7","1998",NA,0.5,NA,NA,NA,NA,NA,NA,NA,NA,"East Siberian taiga","No"
"217","Yenisei",60,92,NA,NA,"53_vaccinium_type",0.02415459,"N/A","N/A","1961.7","1998",NA,0.5,NA,NA,NA,NA,NA,NA,NA,NA,"East Siberian taiga","No"
"218","Yenisei",60,92,NA,NA,"26_lichen_type",0.03984064,"N/A","N/A","1976.3","1998",NA,12,NA,NA,NA,NA,NA,NA,NA,NA,"East Siberian taiga","No"
"219","Yenisei",60,92,NA,NA,"14_lichen_type",0,"N/A","N/A","1984","1998",NA,75,NA,NA,NA,NA,NA,NA,NA,NA,"East Siberian taiga","No"
"220","Yenisei",60,92,NA,NA,"2_lichen_type",0,"N/A","N/A","1996","1998",NA,0.5,NA,NA,NA,NA,NA,NA,NA,NA,"East Siberian taiga","No"
"221","Morton",41.817,-88.05,NA,NA,"Burned_1",0.333333333,"FALL","1986","2004","2007",NA,15,NA,NA,NA,NA,NA,NA,NA,NA,"Central forest-grasslands transition","Yes"
"222","Morton",41.817,-88.05,NA,NA,"Unburned_2",0,"CONT","N/A","N/A","2007",NA,5,NA,NA,NA,NA,NA,NA,NA,NA,"Central forest-grasslands transition","Yes"
"223","Okmulgee",35.633,-96.03,NA,NA,"7",0.1052632,"FEB-MAR","1996","2005","2008",NA,14.47857143,NA,NA,NA,NA,NA,NA,NA,NA,"Central forest-grasslands transition","Yes"
"224","Okmulgee",35.633,-96.03,NA,NA,"3",0.2105263,"FEB-MAR","1991","2005","2008",NA,46.5281746,NA,NA,NA,NA,NA,NA,NA,NA,"Central forest-grasslands transition","Yes"
"225","Okmulgee",35.633,-96.03,NA,NA,"10",0.3157895,"FEB-MAR","1992","2005","2008",NA,70.43838002,NA,NA,NA,NA,NA,NA,NA,NA,"Central forest-grasslands transition","Yes"
"226","Okmulgee",35.633,-96.03,NA,NA,"7",0.1052632,"FEB-MAR","1989","2007","2008",NA,1,NA,NA,NA,NA,NA,NA,NA,NA,"Central forest-grasslands transition","Yes"
"227","Okmulgee",35.633,-96.03,NA,NA,"2",0.2631579,"FEB-MAR","1992","2007","2008",NA,61.35195707,NA,NA,NA,NA,NA,NA,NA,NA,"Central forest-grasslands transition","Yes"
"228","Okmulgee",35.633,-96.03,NA,NA,"1",0.5263158,"FEB-MAR","1989","2007","2008",NA,38.18252442,NA,NA,NA,NA,NA,NA,NA,NA,"Central forest-grasslands transition","Yes"
"229","Okmulgee",35.633,-96.03,NA,NA,"6",0.2105263,"FEB-MAR","1993","2008","2008",NA,39.56128472,NA,NA,NA,NA,NA,NA,NA,NA,"Central forest-grasslands transition","Yes"
"230","Okmulgee",35.633,-96.03,NA,NA,"4",0.3684211,"FEB-MAR","1992","2008","2008",NA,26.84598214,NA,NA,NA,NA,NA,NA,NA,NA,"Central forest-grasslands transition","Yes"
"231","Okmulgee",35.633,-96.03,NA,NA,"13",0,"CONT","N/A","N/A","2008",NA,19.09970238,NA,NA,NA,NA,NA,NA,NA,NA,"Central forest-grasslands transition","Yes"
"232","KrugerSatara",-24.401,31.746,NA,NA,"SAMA",0.3333333,"AUG","1954","2010","N/A",NA,139.5231341,NA,NA,NA,NA,NA,NA,NA,NA,"Zambezian and Mopane woodlands","Yes"
"233","KrugerSatara",-24.401,31.746,NA,NA,"SANW",0.3333333,"AUG","1954","2010","N/A",NA,90.16672567,NA,NA,NA,NA,NA,NA,NA,NA,"Zambezian and Mopane woodlands","Yes"
"234","KrugerSatara",-24.401,31.746,NA,NA,"SASA",0.3333333,"AUG","1954","2010","N/A",NA,162.6700593,NA,NA,NA,NA,NA,NA,NA,NA,"Zambezian and Mopane woodlands","Yes"
"235","KrugerSatara",-24.401,31.746,NA,NA,"SAMA",1,"AUG","1954","2010","N/A",NA,142.1486099,NA,NA,NA,NA,NA,NA,NA,NA,"Zambezian and Mopane woodlands","Yes"
"236","KrugerSatara",-24.401,31.746,NA,NA,"SANW",1,"AUG","1954","2010","N/A",NA,76.68763031,NA,NA,NA,NA,NA,NA,NA,NA,"Zambezian and Mopane woodlands","Yes"
"237","KrugerSatara",-24.401,31.746,NA,NA,"SASA",1,"AUG","1954","2010","N/A",NA,110.1506736,NA,NA,NA,NA,NA,NA,NA,NA,"Zambezian and Mopane woodlands","Yes"
"238","KrugerSatara",-24.401,31.746,NA,NA,"SAMA",0,"CONT","N/A","N/A","N/A",NA,179.3704157,NA,NA,NA,NA,NA,NA,NA,NA,"Zambezian and Mopane woodlands","Yes"
"239","KrugerSatara",-24.401,31.746,NA,NA,"SANW",0,"CONT","N/A","N/A","N/A",NA,170.4974124,NA,NA,NA,NA,NA,NA,NA,NA,"Zambezian and Mopane woodlands","Yes"
"240","KrugerSatara",-24.401,31.746,NA,NA,"SASA",0,"CONT","N/A","N/A","N/A",NA,164.6858344,NA,NA,NA,NA,NA,NA,NA,NA,"Zambezian and Mopane woodlands","Yes"
"241","LaPampa",-38.75,-63.75,NA,NA,"1",0.1764706,"MAR-JUN","1991","2007","N/A",NA,19.5,NA,NA,NA,NA,NA,NA,NA,NA,"Espinal","Yes"
"242","LaPampa",-38.75,-63.75,NA,NA,"2",0.1764706,"MAR-JUN","1991","2007","N/A",NA,23.65,NA,NA,NA,NA,NA,NA,NA,NA,"Espinal","Yes"
"243","LaPampa",-38.75,-63.75,NA,NA,"3",0.1764706,"MAR-JUN","1991","2007","N/A",NA,6.95,NA,NA,NA,NA,NA,NA,NA,NA,"Espinal","Yes"
"244","LaPampa",-38.75,-63.75,NA,NA,"4",0.1764706,"MAR-JUN","1991","2007","N/A",NA,25.725,NA,NA,NA,NA,NA,NA,NA,NA,"Espinal","Yes"
"245","LaPampa",-38.75,-63.75,NA,NA,"5",0.1764706,"MAR-JUN","1991","2007","N/A",NA,19,NA,NA,NA,NA,NA,NA,NA,NA,"Espinal","Yes"
"246","LaPampa",-38.75,-63.75,NA,NA,"6",0.1764706,"MAR-JUN","1991","2007","N/A",NA,19.7,NA,NA,NA,NA,NA,NA,NA,NA,"Espinal","Yes"
"247","LaPampa",-38.75,-63.75,NA,NA,"7",0.1764706,"MAR-JUN","1991","2007","N/A",NA,16.375,NA,NA,NA,NA,NA,NA,NA,NA,"Espinal","Yes"
"248","LaPampa",-38.75,-63.75,NA,NA,"8",0.1764706,"MAR-JUN","1991","2007","N/A",NA,27.925,NA,NA,NA,NA,NA,NA,NA,NA,"Espinal","Yes"
"249","LaPampa",-38.75,-63.75,NA,NA,"9",0.1764706,"MAR-JUN","1991","2007","N/A",NA,20.65,NA,NA,NA,NA,NA,NA,NA,NA,"Espinal","Yes"
"250","LaPampa",-38.75,-63.75,NA,NA,"10",0.1764706,"MAR-JUN","1991","2007","N/A",NA,19.05,NA,NA,NA,NA,NA,NA,NA,NA,"Espinal","Yes"
"251","LaPampa",-38.75,-63.75,NA,NA,"11",0.1764706,"MAR-JUN","1991","2007","N/A",NA,10.2,NA,NA,NA,NA,NA,NA,NA,NA,"Espinal","Yes"
"252","LaPampa",-38.75,-63.75,NA,NA,"12",0.1764706,"MAR-JUN","1991","2007","N/A",NA,11.875,NA,NA,NA,NA,NA,NA,NA,NA,"Espinal","Yes"
"253","LaPampa",-38.75,-63.75,NA,NA,"13",0.1764706,"MAR-JUN","1991","2007","N/A",NA,14.375,NA,NA,NA,NA,NA,NA,NA,NA,"Espinal","Yes"
"254","LaPampa",-38.75,-63.75,NA,NA,"15",0.1764706,"MAR-JUN","1991","2007","N/A",NA,10.825,NA,NA,NA,NA,NA,NA,NA,NA,"Espinal","Yes"
"255","LaPampa",-38.75,-63.75,NA,NA,"16",0.1764706,"MAR-JUN","1991","2007","N/A",NA,8.775,NA,NA,NA,NA,NA,NA,NA,NA,"Espinal","Yes"
"256","LaPampa",-38.75,-63.75,NA,NA,"17",0.1764706,"MAR-JUN","1991","2007","N/A",NA,15.65,NA,NA,NA,NA,NA,NA,NA,NA,"Espinal","Yes"
"257","LaPampa",-38.75,-63.75,NA,NA,"18",0.1764706,"MAR-JUN","1991","2007","N/A",NA,10.75,NA,NA,NA,NA,NA,NA,NA,NA,"Espinal","Yes"
"258","LaPampa",-38.75,-63.75,NA,NA,"19",0.1764706,"MAR-JUN","1991","2007","N/A",NA,11.75,NA,NA,NA,NA,NA,NA,NA,NA,"Espinal","Yes"
"259","LaPampa",-38.75,-63.75,NA,NA,"20",0.1764706,"MAR-JUN","1991","2007","N/A",NA,8.15,NA,NA,NA,NA,NA,NA,NA,NA,"Espinal","Yes"
"260","LaPampa",-38.75,-63.75,NA,NA,"14",0.1764706,"MAR-JUN","1991","2007","N/A",NA,11.6,NA,NA,NA,NA,NA,NA,NA,NA,"Espinal","Yes"
"261","LaPampa",-38.75,-63.75,NA,NA,"1",0.2941176,"MAR-JUN","1991","2007","N/A",NA,23.675,NA,NA,NA,NA,NA,NA,NA,NA,"Espinal","Yes"
"262","LaPampa",-38.75,-63.75,NA,NA,"2",0.2941176,"MAR-JUN","1991","2007","N/A",NA,15.625,NA,NA,NA,NA,NA,NA,NA,NA,"Espinal","Yes"
"263","LaPampa",-38.75,-63.75,NA,NA,"3",0.2941176,"MAR-JUN","1991","2007","N/A",NA,20.875,NA,NA,NA,NA,NA,NA,NA,NA,"Espinal","Yes"
"264","LaPampa",-38.75,-63.75,NA,NA,"4",0.2941176,"MAR-JUN","1991","2007","N/A",NA,25.725,NA,NA,NA,NA,NA,NA,NA,NA,"Espinal","Yes"
"265","LaPampa",-38.75,-63.75,NA,NA,"5",0.2941176,"MAR-JUN","1991","2007","N/A",NA,24.825,NA,NA,NA,NA,NA,NA,NA,NA,"Espinal","Yes"
"266","LaPampa",-38.75,-63.75,NA,NA,"6",0.2941176,"MAR-JUN","1991","2007","N/A",NA,21.9,NA,NA,NA,NA,NA,NA,NA,NA,"Espinal","Yes"
"267","LaPampa",-38.75,-63.75,NA,NA,"7",0.2941176,"MAR-JUN","1991","2007","N/A",NA,25.675,NA,NA,NA,NA,NA,NA,NA,NA,"Espinal","Yes"
"268","LaPampa",-38.75,-63.75,NA,NA,"8",0.2941176,"MAR-JUN","1991","2007","N/A",NA,25.125,NA,NA,NA,NA,NA,NA,NA,NA,"Espinal","Yes"
"269","LaPampa",-38.75,-63.75,NA,NA,"9",0.2941176,"MAR-JUN","1991","2007","N/A",NA,11.15,NA,NA,NA,NA,NA,NA,NA,NA,"Espinal","Yes"
"270","LaPampa",-38.75,-63.75,NA,NA,"10",0.2941176,"MAR-JUN","1991","2007","N/A",NA,23.275,NA,NA,NA,NA,NA,NA,NA,NA,"Espinal","Yes"
"271","LaPampa",-38.75,-63.75,NA,NA,"11",0.2941176,"MAR-JUN","1991","2007","N/A",NA,23.275,NA,NA,NA,NA,NA,NA,NA,NA,"Espinal","Yes"
"272","LaPampa",-38.75,-63.75,NA,NA,"12",0.2941176,"MAR-JUN","1991","2007","N/A",NA,15.975,NA,NA,NA,NA,NA,NA,NA,NA,"Espinal","Yes"
"273","LaPampa",-38.75,-63.75,NA,NA,"13",0.2941176,"MAR-JUN","1991","2007","N/A",NA,5.325,NA,NA,NA,NA,NA,NA,NA,NA,"Espinal","Yes"
"274","LaPampa",-38.75,-63.75,NA,NA,"15",0.2941176,"MAR-JUN","1991","2007","N/A",NA,26.575,NA,NA,NA,NA,NA,NA,NA,NA,"Espinal","Yes"
"275","LaPampa",-38.75,-63.75,NA,NA,"16",0.2941176,"MAR-JUN","1991","2007","N/A",NA,21.375,NA,NA,NA,NA,NA,NA,NA,NA,"Espinal","Yes"
"276","LaPampa",-38.75,-63.75,NA,NA,"17",0.2941176,"MAR-JUN","1991","2007","N/A",NA,20.975,NA,NA,NA,NA,NA,NA,NA,NA,"Espinal","Yes"
"277","LaPampa",-38.75,-63.75,NA,NA,"18",0.2941176,"MAR-JUN","1991","2007","N/A",NA,14.75,NA,NA,NA,NA,NA,NA,NA,NA,"Espinal","Yes"
"278","LaPampa",-38.75,-63.75,NA,NA,"19",0.2941176,"MAR-JUN","1991","2007","N/A",NA,22.275,NA,NA,NA,NA,NA,NA,NA,NA,"Espinal","Yes"
"279","LaPampa",-38.75,-63.75,NA,NA,"20",0.2941176,"MAR-JUN","1991","2007","N/A",NA,19.475,NA,NA,NA,NA,NA,NA,NA,NA,"Espinal","Yes"
"280","LaPampa",-38.75,-63.75,NA,NA,"14",0.2941176,"MAR-JUN","1991","2007","N/A",NA,12.5,NA,NA,NA,NA,NA,NA,NA,NA,"Espinal","Yes"
"281","LaPampa",-38.75,-63.75,NA,NA,"1",0,"CONT","N/A","N/A","N/A",NA,11.425,NA,NA,NA,NA,NA,NA,NA,NA,"Espinal","Yes"
"282","LaPampa",-38.75,-63.75,NA,NA,"2",0,"CONT","N/A","N/A","N/A",NA,15.2,NA,NA,NA,NA,NA,NA,NA,NA,"Espinal","Yes"
"283","LaPampa",-38.75,-63.75,NA,NA,"3",0,"CONT","N/A","N/A","N/A",NA,8.15,NA,NA,NA,NA,NA,NA,NA,NA,"Espinal","Yes"
"284","LaPampa",-38.75,-63.75,NA,NA,"4",0,"CONT","N/A","N/A","N/A",NA,9.3,NA,NA,NA,NA,NA,NA,NA,NA,"Espinal","Yes"
"285","LaPampa",-38.75,-63.75,NA,NA,"5",0,"CONT","N/A","N/A","N/A",NA,9.675,NA,NA,NA,NA,NA,NA,NA,NA,"Espinal","Yes"
"286","LaPampa",-38.75,-63.75,NA,NA,"6",0,"CONT","N/A","N/A","N/A",NA,8.55,NA,NA,NA,NA,NA,NA,NA,NA,"Espinal","Yes"
"287","LaPampa",-38.75,-63.75,NA,NA,"7",0,"CONT","N/A","N/A","N/A",NA,3.2,NA,NA,NA,NA,NA,NA,NA,NA,"Espinal","Yes"
"288","LaPampa",-38.75,-63.75,NA,NA,"8",0,"CONT","N/A","N/A","N/A",NA,6.45,NA,NA,NA,NA,NA,NA,NA,NA,"Espinal","Yes"
"289","LaPampa",-38.75,-63.75,NA,NA,"9",0,"CONT","N/A","N/A","N/A",NA,7.775,NA,NA,NA,NA,NA,NA,NA,NA,"Espinal","Yes"
"290","LaPampa",-38.75,-63.75,NA,NA,"10",0,"CONT","N/A","N/A","N/A",NA,17.15,NA,NA,NA,NA,NA,NA,NA,NA,"Espinal","Yes"
"291","LaPampa",-38.75,-63.75,NA,NA,"11",0,"CONT","N/A","N/A","N/A",NA,17.1,NA,NA,NA,NA,NA,NA,NA,NA,"Espinal","Yes"
"292","LaPampa",-38.75,-63.75,NA,NA,"12",0,"CONT","N/A","N/A","N/A",NA,7.375,NA,NA,NA,NA,NA,NA,NA,NA,"Espinal","Yes"
"293","LaPampa",-38.75,-63.75,NA,NA,"13",0,"CONT","N/A","N/A","N/A",NA,11.05,NA,NA,NA,NA,NA,NA,NA,NA,"Espinal","Yes"
"294","LaPampa",-38.75,-63.75,NA,NA,"15",0,"CONT","N/A","N/A","N/A",NA,10.6,NA,NA,NA,NA,NA,NA,NA,NA,"Espinal","Yes"
"295","LaPampa",-38.75,-63.75,NA,NA,"16",0,"CONT","N/A","N/A","N/A",NA,2.4,NA,NA,NA,NA,NA,NA,NA,NA,"Espinal","Yes"
"296","LaPampa",-38.75,-63.75,NA,NA,"17",0,"CONT","N/A","N/A","N/A",NA,13.25,NA,NA,NA,NA,NA,NA,NA,NA,"Espinal","Yes"
"297","LaPampa",-38.75,-63.75,NA,NA,"18",0,"CONT","N/A","N/A","N/A",NA,4.425,NA,NA,NA,NA,NA,NA,NA,NA,"Espinal","Yes"
"298","LaPampa",-38.75,-63.75,NA,NA,"19",0,"CONT","N/A","N/A","N/A",NA,10.975,NA,NA,NA,NA,NA,NA,NA,NA,"Espinal","Yes"
"299","LaPampa",-38.75,-63.75,NA,NA,"20",0,"CONT","N/A","N/A","N/A",NA,7.675,NA,NA,NA,NA,NA,NA,NA,NA,"Espinal","Yes"
"300","LaPampa",-38.75,-63.75,NA,NA,"14",0,"CONT","N/A","N/A","N/A",NA,8.7,NA,NA,NA,NA,NA,NA,NA,NA,"Espinal","Yes"
"301","Konza",39.1,-96.6,NA,NA,"n4b_C",0.25,"APR","1980","2008","2011-2013",NA,107.0025794,NA,NA,NA,NA,NA,NA,NA,NA,"Flint Hills tall grasslands","Yes"
"302","Konza",39.1,-96.6,NA,NA,"n4b_C",0.25,"APR","1980","2007.5","2011-2013",NA,6.425,NA,NA,NA,NA,NA,NA,NA,NA,"Flint Hills tall grasslands","Yes"
"303","Konza",39.1,-96.6,NA,NA,"n4b_C",0.25,"APR","1980","2007","2011-2013",NA,1.125,NA,NA,NA,NA,NA,NA,NA,NA,"Flint Hills tall grasslands","Yes"
"304","Konza",39.1,-96.6,NA,NA,"n4d_A",0.25,"APR","1977","2008","2011-2013",NA,102.9886905,NA,NA,NA,NA,NA,NA,NA,NA,"Flint Hills tall grasslands","Yes"
"305","Konza",39.1,-96.6,NA,NA,"n4d_A",0.25,"APR","1977","2007.5","2011-2013",NA,9.219047619,NA,NA,NA,NA,NA,NA,NA,NA,"Flint Hills tall grasslands","Yes"
"306","Konza",39.1,-96.6,NA,NA,"n4d_A",0.25,"APR","1977","2007","2011-2013",NA,2.5,NA,NA,NA,NA,NA,NA,NA,NA,"Flint Hills tall grasslands","Yes"
"307","Konza",39.1,-96.6,NA,NA,"n4d_B",0.25,"APR","1977","2008","2011-2013",NA,115.2380952,NA,NA,NA,NA,NA,NA,NA,NA,"Flint Hills tall grasslands","Yes"
"308","Konza",39.1,-96.6,NA,NA,"n4d_B",0.25,"APR","1977","2007","2011-2013",NA,1.625,NA,NA,NA,NA,NA,NA,NA,NA,"Flint Hills tall grasslands","Yes"
"309","Konza",39.1,-96.6,NA,NA,"n4d_B",0.25,"APR","1977","2007.5","2011-2013",NA,3.3125,NA,NA,NA,NA,NA,NA,NA,NA,"Flint Hills tall grasslands","Yes"
"310","Konza",39.1,-96.6,NA,NA,"n4b_C",0.25,"APR","1980","2008.5","2011-2013",NA,1.75,NA,NA,NA,NA,NA,NA,NA,NA,"Flint Hills tall grasslands","Yes"
"311","Konza",39.1,-96.6,NA,NA,"n4b_C",0.25,"APR","1980","2009","2011-2013",NA,5.5,NA,NA,NA,NA,NA,NA,NA,NA,"Flint Hills tall grasslands","Yes"
"312","Konza",39.1,-96.6,NA,NA,"n4d_A",0.25,"APR","1977","2009","2011-2013",NA,0.25,NA,NA,NA,NA,NA,NA,NA,NA,"Flint Hills tall grasslands","Yes"
"313","Konza",39.1,-96.6,NA,NA,"n4d_B",0.25,"APR","1977","2009","2011-2013",NA,1.125,NA,NA,NA,NA,NA,NA,NA,NA,"Flint Hills tall grasslands","Yes"
"314","Konza",39.1,-96.6,NA,NA,"n1b_A",1,"APR","1977","2011","2011-2013",NA,120.1922619,NA,NA,NA,NA,NA,NA,NA,NA,"Flint Hills tall grasslands","Yes"
"315","Konza",39.1,-96.6,NA,NA,"n1b_A",1,"APR","1977","2010.5","2011-2013",NA,3.289583333,NA,NA,NA,NA,NA,NA,NA,NA,"Flint Hills tall grasslands","Yes"
"316","Konza",39.1,-96.6,NA,NA,"n1b_A",1,"APR","1977","2010","2011-2013",NA,1,NA,NA,NA,NA,NA,NA,NA,NA,"Flint Hills tall grasslands","Yes"
"317","Konza",39.1,-96.6,NA,NA,"n1b_B",1,"APR","1977","2011","2011-2013",NA,117.2946429,NA,NA,NA,NA,NA,NA,NA,NA,"Flint Hills tall grasslands","Yes"
"318","Konza",39.1,-96.6,NA,NA,"n1b_B",1,"APR","1977","2010","2011-2013",NA,0.25,NA,NA,NA,NA,NA,NA,NA,NA,"Flint Hills tall grasslands","Yes"
"319","Konza",39.1,-96.6,NA,NA,"n1b_C",1,"APR","1977","2011","2011-2013",NA,108.390873,NA,NA,NA,NA,NA,NA,NA,NA,"Flint Hills tall grasslands","Yes"
"320","Konza",39.1,-96.6,NA,NA,"n1b_C",1,"APR","1977","2010.5","2011-2013",NA,0.5,NA,NA,NA,NA,NA,NA,NA,NA,"Flint Hills tall grasslands","Yes"
"321","Konza",39.1,-96.6,NA,NA,"n1b_B",1,"APR","1977","2011.5","2011-2013",NA,1.25,NA,NA,NA,NA,NA,NA,NA,NA,"Flint Hills tall grasslands","Yes"
"322","Konza",39.1,-96.6,NA,NA,"n1b_A",1,"APR","1977","2012","2011-2013",NA,1,NA,NA,NA,NA,NA,NA,NA,NA,"Flint Hills tall grasslands","Yes"
"323","Konza",39.1,-96.6,NA,NA,"n1b_C",1,"APR","1977","2012","2011-2013",NA,0.5,NA,NA,NA,NA,NA,NA,NA,NA,"Flint Hills tall grasslands","Yes"
"324","Konza",39.1,-96.6,NA,NA,"n20_A",0,"N/A","N/A","N/A","2011-2013",NA,116.8323413,NA,NA,NA,NA,NA,NA,NA,NA,"Flint Hills tall grasslands","Yes"
"325","Konza",39.1,-96.6,NA,NA,"n20_B",0,"N/A","N/A","N/A","2011-2013",NA,125.4170635,NA,NA,NA,NA,NA,NA,NA,NA,"Flint Hills tall grasslands","Yes"
"326","Konza",39.1,-96.6,NA,NA,"n20_C",0,"N/A","N/A","N/A","2011-2013",NA,122.2436508,NA,NA,NA,NA,NA,NA,NA,NA,"Flint Hills tall grasslands","Yes"
"327","UniversityMissouri",36.9,-90.31666667,NA,NA,"2",0.25,"MAR-MAY","1951","2011","2010",NA,25.17501994,NA,NA,NA,NA,NA,NA,NA,NA,"Central U.S. hardwood forests","No"
"328","UniversityMissouri",36.9,-90.31666667,NA,NA,"1",0.25,"MAR-MAY","1949","2013","2010",NA,28.37864569,NA,NA,NA,NA,NA,NA,NA,NA,"Central U.S. hardwood forests","No"
"329","UniversityMissouri",36.9,-90.31666667,NA,NA,"1",1,"MAR-MAY","1949","2013","2010",NA,23.09096154,NA,NA,NA,NA,NA,NA,NA,NA,"Central U.S. hardwood forests","No"
"330","UniversityMissouri",36.9,-90.31666667,NA,NA,"2",1,"MAR-MAY","1951","2013","2010",NA,32.02259259,NA,NA,NA,NA,NA,NA,NA,NA,"Central U.S. hardwood forests","No"
"331","UniversityMissouri",36.9,-90.31666667,NA,NA,"1",0,"CONT","N/A","N/A","2010",NA,0.5,NA,NA,NA,NA,NA,NA,NA,NA,"Central U.S. hardwood forests","No"
"332","UniversityMissouri",36.9,-90.31666667,NA,NA,"2",0,"CONT","N/A","N/A","2010",NA,6.325,NA,NA,NA,NA,NA,NA,NA,NA,"Central U.S. hardwood forests","No"
"333","McCorkill",-33.9438,115.5312,NA,NA,"4_AB",0.1875,"MAR-MAY","1983","0","2015",NA,0.03,NA,NA,NA,NA,NA,NA,NA,NA,"Southwest Australia woodlands","No"
"334","McCorkill",-33.9438,115.5312,NA,NA,"9_AB",0.1875,"MAR-MAY","1983","0","2015",NA,0.03,NA,NA,NA,NA,NA,NA,NA,NA,"Southwest Australia woodlands","No"
"335","McCorkill",-33.9438,115.5312,NA,NA,"10_VF",0.25,"MAR-MAY","1983","0","2015",NA,0.32,NA,NA,NA,NA,NA,NA,NA,NA,"Southwest Australia woodlands","No"
"336","McCorkill",-33.9438,115.5312,NA,NA,"6_VF",0.25,"MAR-MAY","1983","0","2015",NA,0.09,NA,NA,NA,NA,NA,NA,NA,NA,"Southwest Australia woodlands","No"
"337","McCorkill",-33.9438,115.5312,NA,NA,"1_LU",0,"CONT","N/A","1976","2015",NA,0.28,NA,NA,NA,NA,NA,NA,NA,NA,"Southwest Australia woodlands","No"
"338","McCorkill",-33.9438,115.5312,NA,NA,"2_LU",0,"CONT","N/A","1976","2015",NA,0.4,NA,NA,NA,NA,NA,NA,NA,NA,"Southwest Australia woodlands","No"
"339","Yackelup",-34.1834,116.6186,NA,NA,"3_LU",0,"CONT","N/A","1981","2015",NA,1.25,NA,NA,NA,NA,NA,NA,NA,NA,"Southwest Australia woodlands","No"
"340","Yackelup",-34.1834,116.6186,NA,NA,"6_LU",0,"CONT","N/A","1981","2015",NA,2.3,NA,NA,NA,NA,NA,NA,NA,NA,"Southwest Australia woodlands","No"
"341","Yackelup",-34.1834,116.6186,NA,NA,"1_AB",0.08823529,"MAR-MAY","1981","2008","2015",NA,0.19,NA,NA,NA,NA,NA,NA,NA,NA,"Southwest Australia woodlands","No"
"342","Yackelup",-34.1834,116.6186,NA,NA,"12_AB",0.08823529,"MAR-MAY","1981","2008","2015",NA,0.3,NA,NA,NA,NA,NA,NA,NA,NA,"Southwest Australia woodlands","No"
"343","Yackelup",-34.1834,116.6186,NA,NA,"10_VF",0.2058824,"MAR-MAY","1981","2014","2015",NA,2.17,NA,NA,NA,NA,NA,NA,NA,NA,"Southwest Australia woodlands","No"
"344","Yackelup",-34.1834,116.6186,NA,NA,"2_VF",0.2058824,"MAR-MAY","1981","2014","2015",NA,0.45,NA,NA,NA,NA,NA,NA,NA,NA,"Southwest Australia woodlands","No"
"345","Hitchiti",34.766,-84.1435,NA,NA,"12",0.368421053,"DEC-MAR","1988","2006","2007",NA,67.88611111,NA,NA,NA,NA,NA,NA,NA,NA,"Appalachian-Blue Ridge forests","No"
"346","Hitchiti",34.766,-84.1435,NA,NA,"13",0.368421053,"DEC-MAR","1988","2006","2007",NA,88.34524887,NA,NA,NA,NA,NA,NA,NA,NA,"Appalachian-Blue Ridge forests","No"
"347","Hitchiti",34.766,-84.1435,NA,NA,"18",0.368421053,"DEC-MAR","1988","2006","2007",NA,24.86666667,NA,NA,NA,NA,NA,NA,NA,NA,"Appalachian-Blue Ridge forests","No"
"348","Hitchiti",34.766,-84.1435,NA,NA,"2",0.368421053,"DEC-MAR","1988","2006","2007",NA,16.10416667,NA,NA,NA,NA,NA,NA,NA,NA,"Appalachian-Blue Ridge forests","No"
"349","Hitchiti",34.766,-84.1435,NA,NA,"23",0.368421053,"DEC-MAR","1988","2006","2007",NA,4.15,NA,NA,NA,NA,NA,NA,NA,NA,"Appalachian-Blue Ridge forests","No"
"350","Hitchiti",34.766,-84.1435,NA,NA,"8",0.368421053,"DEC-MAR","1988","2006","2007",NA,28.72987013,NA,NA,NA,NA,NA,NA,NA,NA,"Appalachian-Blue Ridge forests","No"
"351","Hitchiti",34.766,-84.1435,NA,NA,"9",0.368421053,"DEC-MAR","1988","2006","2007",NA,51.3219697,NA,NA,NA,NA,NA,NA,NA,NA,"Appalachian-Blue Ridge forests","No"
"352","Hitchiti",34.766,-84.1435,NA,NA,"1",0.526315789,"DEC-MAR","1988","2006","2007",NA,11.30357143,NA,NA,NA,NA,NA,NA,NA,NA,"Appalachian-Blue Ridge forests","No"
"353","Hitchiti",34.766,-84.1435,NA,NA,"11",0.526315789,"DEC-MAR","1988","2006","2007",NA,38.80555556,NA,NA,NA,NA,NA,NA,NA,NA,"Appalachian-Blue Ridge forests","No"
"354","Hitchiti",34.766,-84.1435,NA,NA,"16",0.526315789,"DEC-MAR","1988","2006","2007",NA,11.16153846,NA,NA,NA,NA,NA,NA,NA,NA,"Appalachian-Blue Ridge forests","No"
"355","Hitchiti",34.766,-84.1435,NA,NA,"22",0.526315789,"DEC-MAR","1988","2006","2007",NA,20.75,NA,NA,NA,NA,NA,NA,NA,NA,"Appalachian-Blue Ridge forests","No"
"356","Hitchiti",34.766,-84.1435,NA,NA,"15",0,"CONT","N/A","N/A","2007",NA,4.75,NA,NA,NA,NA,NA,NA,NA,NA,"Appalachian-Blue Ridge forests","No"
"357","Hitchiti",34.766,-84.1435,NA,NA,"21",0,"CONT","N/A","N/A","2007",NA,1,NA,NA,NA,NA,NA,NA,NA,NA,"Appalachian-Blue Ridge forests","No"
"358","Hitchiti",34.766,-84.1435,NA,NA,"6",0,"CONT","N/A","N/A","2007",NA,1,NA,NA,NA,NA,NA,NA,NA,NA,"Appalachian-Blue Ridge forests","No"
"359","MatoposThornveld",-20.6,28.5,NA,NA,"",0,NA,"","","",15,NA,NA,2.97,NA,NA,NA,NA,NA,NA,"Southern Africa bushveld","Yes"
"360","MatoposThornveld",-20.6,28.5,NA,NA,"",1,"AUTUMN","","","",15,NA,NA,2.05,NA,NA,NA,NA,NA,NA,"Southern Africa bushveld","Yes"
"361","MatoposThornveld",-20.6,28.5,NA,NA,"",1,"ENDDRY","","","",15,NA,NA,2.13,NA,NA,NA,NA,NA,NA,"Southern Africa bushveld","Yes"
"362","MatoposThornveld",-20.6,28.5,NA,NA,"",1,"SPRINGPRERAIN","","","",15,NA,NA,3.1,NA,NA,NA,NA,NA,NA,"Southern Africa bushveld","Yes"
"363","MatoposThornveld",-20.6,28.5,NA,NA,"",0.5,"AUTUMN","","","",15,NA,NA,3.94,NA,NA,NA,NA,NA,NA,"Southern Africa bushveld","Yes"
"364","MatoposThornveld",-20.6,28.5,NA,NA,"",0.5,"ENDDRY","","","",15,NA,NA,3.36,NA,NA,NA,NA,NA,NA,"Southern Africa bushveld","Yes"
"365","MatoposThornveld",-20.6,28.5,NA,NA,"",0.33,"ENDDRY","","","",15,NA,NA,4.52,NA,NA,NA,NA,NA,NA,"Southern Africa bushveld","Yes"
"366","MatoposThornveld",-20.6,28.5,NA,NA,"",0.33,"SPRINGPRERAIN","","","",15,NA,NA,4.89,NA,NA,NA,NA,NA,NA,"Southern Africa bushveld","Yes"
"367","MatoposThornveld",-20.6,28.5,NA,NA,"",0.2,"ENDDRY","","","",15,NA,NA,4.09,NA,NA,NA,NA,NA,NA,"Southern Africa bushveld","Yes"
"368","MatoposSandveld",-20.6,28.5,NA,NA,"",0,NA,"","","",16,NA,NA,2.3,NA,NA,NA,NA,NA,NA,"Southern Africa bushveld","Yes"
"369","MatoposSandveld",-20.6,28.5,NA,NA,"",1,"AUTUMN","","","",16,NA,NA,2.69,NA,NA,NA,NA,NA,NA,"Southern Africa bushveld","Yes"
"370","MatoposSandveld",-20.6,28.5,NA,NA,"",1,"ENDDRY","","","",16,NA,NA,3.15,NA,NA,NA,NA,NA,NA,"Southern Africa bushveld","Yes"
"371","MatoposSandveld",-20.6,28.5,NA,NA,"",1,"SPRINGPRERAIN","","","",16,NA,NA,3.16,NA,NA,NA,NA,NA,NA,"Southern Africa bushveld","Yes"
"372","MatoposSandveld",-20.6,28.5,NA,NA,"",0.5,"AUTUMN","","","",16,NA,NA,3.33,NA,NA,NA,NA,NA,NA,"Southern Africa bushveld","Yes"
"373","MatoposSandveld",-20.6,28.5,NA,NA,"",0.5,"ENDDRY","","","",16,NA,NA,4.02,NA,NA,NA,NA,NA,NA,"Southern Africa bushveld","Yes"
"374","MatoposSandveld",-20.6,28.5,NA,NA,"",0.33,"ENDDRY","","","",16,NA,NA,1.88,NA,NA,NA,NA,NA,NA,"Southern Africa bushveld","Yes"
"375","MatoposSandveld",-20.6,28.5,NA,NA,"",0.33,"SPRINGPRERAIN","","","",16,NA,NA,3.85,NA,NA,NA,NA,NA,NA,"Southern Africa bushveld","Yes"
"376","MatoposSandveld",-20.6,28.5,NA,NA,"",0.2,"ENDDRY","","","",16,NA,NA,3.14,NA,NA,NA,NA,NA,NA,"Southern Africa bushveld","Yes"
"377","Red Volta",10.9,-0.7,NA,NA,"",0,NA,"","","",27,NA,NA,NA,630,NA,NA,NA,446,182,"West Sudanian savanna","Yes"
"378","Red Volta",10.9,-0.7,NA,NA,"",1,"NOV","","","",27,NA,NA,NA,1250,NA,NA,NA,394,144,"West Sudanian savanna","Yes"
"379","Red Volta",10.9,-0.7,NA,NA,"",1,"APR","","","",27,NA,NA,NA,1260,NA,NA,NA,584,260,"West Sudanian savanna","Yes"
"380","Solar Village",-12.62,131.1,NA,NA,"",0,"Ridge","","","",23,13.7,25.4,NA,NA,NA,NA,0.67,NA,NA,"Arnhem Land tropical savanna","Yes"
"381","Solar Village",-12.62,131.1,NA,NA,"",0,"Slope","","","",23,5,13.1,NA,NA,NA,NA,0.46,NA,NA,"Arnhem Land tropical savanna","Yes"
"382","Solar Village",-12.62,131.1,NA,NA,"",1,"Ridge","","","",23,26.9,38.9,NA,NA,NA,NA,2.31,NA,NA,"Arnhem Land tropical savanna","Yes"
"383","Solar Village",-12.62,131.1,NA,NA,"",1,"Slope","","","",23,33.9,52.1,NA,NA,NA,NA,3.5,NA,NA,"Arnhem Land tropical savanna","Yes"
"384","Laba",11.67,-2.83,NA,NA,"",0,NA,"","","",8,NA,NA,NA,NA,3.36,NA,3.07,NA,NA,"West Sudanian savanna","Yes"
"385","Laba",11.67,-2.83,NA,NA,"",1,"EARLY","","","",8,NA,NA,NA,NA,3.4,NA,3.1,NA,NA,"West Sudanian savanna","Yes"
"386","Kanji-TerMac",10.2,4.4,NA,NA,"",1,"EARLY","","","",3,NA,NA,NA,NA,NA,1.53,NA,NA,NA,"West Sudanian savanna","Yes"
"387","Kanji-TerMac",10.2,4.4,NA,NA,"",1,"LATE","","","",3,NA,NA,NA,NA,NA,3.09,NA,NA,NA,"West Sudanian savanna","Yes"
"388","Kanji-TerMac",10.2,4.4,NA,NA,"",0,NA,"","","",3,NA,NA,NA,NA,NA,0.95,NA,NA,NA,"West Sudanian savanna","Yes"
"389","Kanji-Woodland",10.2,4.4,NA,NA,"",1,"EARLY","","","",3,NA,NA,NA,NA,NA,1.63,NA,NA,NA,"West Sudanian savanna","Yes"
"390","Kanji-Woodland",10.2,4.4,NA,NA,"",1,"LATE","","","",3,NA,NA,NA,NA,NA,3.66,NA,NA,NA,"West Sudanian savanna","Yes"
"391","Kanji-Woodland",10.2,4.4,NA,NA,"",0,NA,"","","",3,NA,NA,NA,NA,NA,2.46,NA,NA,NA,"West Sudanian savanna","Yes"
"392","Kanji-BurkDet",10.2,4.4,NA,NA,"",1,"EARLY","","","",3,NA,NA,NA,NA,NA,3.83,NA,NA,NA,"West Sudanian savanna","Yes"
"393","Kanji-BurkDet",10.2,4.4,NA,NA,"",1,"LATE","","","",3,NA,NA,NA,NA,NA,6.17,NA,NA,NA,"West Sudanian savanna","Yes"
"394","Kanji-BurkDet",10.2,4.4,NA,NA,"",0,NA,"","","",3,NA,NA,NA,NA,NA,2.47,NA,NA,NA,"West Sudanian savanna","Yes"
