Site,Latitude,Longitude,Continent,Vegetation,Plot,FireFreq,FireSeason,FireStart,FireLast,SurveyYear,Duration,Grass Cover,Percent Cover,Percent Basal Cover,Grass Basal Area,Biomass dry ,Grass biomass dry weight (10^3Kgha^-1),Grass Biomass Dry (tonnes/ha),Grass Biomass fresh weight,Grass biomass dry weight (g/m2)
Alapaha,31.16666667,-83.25,,,2_0,0,CONT,1942,1942,1980,,4.5,,,,,,,,
Alapaha,31.16666667,-83.25,,,3_0,0.342105263,WINTER,1942,1979,1980,,40.67,,,,,,,,
Alapaha,31.16666667,-83.25,,,8_0,0.342105263,WINTER,1942,1979,1980,,10.82,,,,,,,,
Alapaha,31.16666667,-83.25,,,4_0,0.394736842,WINTER,1942,1979,1980,,31.84,,,,,,,,
Alapaha,31.16666667,-83.25,,,5_0,0.394736842,WINTER,1942,1979,1980,,39.01,,,,,,,,
Alapaha,31.16666667,-83.25,,,1_0,0.552631579,WINTER,1942,1979,1980,,22.96,,,,,,,,
Alapaha,31.16666667,-83.25,,,6_0,0.552631579,WINTER,1942,1979,1980,,15.49,,,,,,,,
ChimneySpring,35.271793,-111.708191,,,1F,0,CONT,N/A,1907,2007,,2.595,,,,,,,,
ChimneySpring,35.271793,-111.708191,,,1F,0,CONT,N/A,1907,2008,,1.625,,,,,,,,
ChimneySpring,35.271793,-111.708191,,,1I,0,CONT,N/A,1907,2007,,1.185,,,,,,,,
ChimneySpring,35.271793,-111.708191,,,1I,0,CONT,N/A,1907,2008,,1.14,,,,,,,,
ChimneySpring,35.271793,-111.708191,,,2C,0,CONT,N/A,1907,2007,,3.835,,,,,,,,
ChimneySpring,35.271793,-111.708191,,,2C,0,CONT,N/A,1907,2008,,3.28,,,,,,,,
ChimneySpring,35.271793,-111.708191,,,2A,0.125,NOV,1975,1999,2007,,3.825,,,,,,,,
ChimneySpring,35.271793,-111.708191,,,2A,0.125,NOV,1975,1999,2008,,2.94,,,,,,,,
ChimneySpring,35.271793,-111.708191,,,2B,0.125,NOV,1975,1999,2007,,9.885,,,,,,,,
ChimneySpring,35.271793,-111.708191,,,2B,0.125,NOV,1975,1999,2008,,4.755,,,,,,,,
ChimneySpring,35.271793,-111.708191,,,2H,0.125,NOV,1975,1999,2007,,6.37,,,,,,,,
ChimneySpring,35.271793,-111.708191,,,2H,0.125,NOV,1975,1999,2008,,6.27,,,,,,,,
ChimneySpring,35.271793,-111.708191,,,1A,0.25,NOV,1975,2003,2008,,5.04,,,,,,,,
ChimneySpring,35.271793,-111.708191,,,1A,0.25,NOV,1975,2003,2007,,4.96,,,,,,,,
ChimneySpring,35.271793,-111.708191,,,1D,0.25,NOV,1975,2003,2007,,8.175,,,,,,,,
ChimneySpring,35.271793,-111.708191,,,1D,0.25,NOV,1975,2003,2008,,7.575,,,,,,,,
ChimneySpring,35.271793,-111.708191,,,4B,0.25,NOV,1975,2003,2007,,7.525,,,,,,,,
ChimneySpring,35.271793,-111.708191,,,4B,0.25,NOV,1975,2003,2008,,5.895,,,,,,,,
ChimneySpring,35.271793,-111.708191,,,1B,0.1,NOV,1975,2005,2007,,5.56,,,,,,,,
ChimneySpring,35.271793,-111.708191,,,1B,0.1,NOV,1975,2005,2008,,6.415,,,,,,,,
ChimneySpring,35.271793,-111.708191,,,1C,0.1,NOV,1975,2005,2007,,3.93,,,,,,,,
ChimneySpring,35.271793,-111.708191,,,1C,0.1,NOV,1975,2005,2008,,3.91,,,,,,,,
ChimneySpring,35.271793,-111.708191,,,3D,0.1,NOV,1975,2005,2008,,0.295,,,,,,,,
ChimneySpring,35.271793,-111.708191,,,3D,0.1,NOV,1975,2005,2007,,0.2,,,,,,,,
ChimneySpring,35.271793,-111.708191,,,1G,0.166666667,NOV,1975,2005,2007,,4.795,,,,,,,,
ChimneySpring,35.271793,-111.708191,,,1G,0.166666667,NOV,1975,2005,2008,,3.785,,,,,,,,
ChimneySpring,35.271793,-111.708191,,,2F,0.166666667,NOV,1975,2005,2007,,4.125,,,,,,,,
ChimneySpring,35.271793,-111.708191,,,2F,0.166666667,NOV,1975,2005,2008,,3.44,,,,,,,,
ChimneySpring,35.271793,-111.708191,,,3F,0.166666667,NOV,1975,2005,2007,,6.725,,,,,,,,
ChimneySpring,35.271793,-111.708191,,,3F,0.166666667,NOV,1975,2005,2008,,5.715,,,,,,,,
ChimneySpring,35.271793,-111.708191,,,2G,0.5,NOV,1975,2005,2007,,7.915,,,,,,,,
ChimneySpring,35.271793,-111.708191,,,2G,0.5,NOV,1975,2005,2008,,6.695,,,,,,,,
ChimneySpring,35.271793,-111.708191,,,3B,0.5,NOV,1975,2005,2007,,7.395,,,,,,,,
ChimneySpring,35.271793,-111.708191,,,3B,0.5,NOV,1975,2005,2008,,6.79,,,,,,,,
ChimneySpring,35.271793,-111.708191,,,4A,0.5,NOV,1975,2005,2007,,8.205,,,,,,,,
ChimneySpring,35.271793,-111.708191,,,4A,0.5,NOV,1975,2005,2008,,6.685,,,,,,,,
ChimneySpring,35.271793,-111.708191,,,2D,1,NOV,1975,2006,2007,,8.715,,,,,,,,
ChimneySpring,35.271793,-111.708191,,,2D,1,NOV,1975,2006,2008,,6.305,,,,,,,,
ChimneySpring,35.271793,-111.708191,,,2E,1,NOV,1975,2006,2008,,7.935,,,,,,,,
ChimneySpring,35.271793,-111.708191,,,2E,1,NOV,1975,2006,2007,,6.255,,,,,,,,
ChimneySpring,35.271793,-111.708191,,,3A,1,NOV,1975,2006,2007,,8.025,,,,,,,,
ChimneySpring,35.271793,-111.708191,,,3A,1,NOV,1975,2006,2008,,7.01,,,,,,,,
JosephJones,31.22,-84.48,,,noplotdata,0,CONT,2001,2001,2015,,31.65625,,,,,,,,
JosephJones,31.22,-84.48,,,noplotdata,0.571428571,FEB-APR,2001,2015,2015,,56.359375,,,,,,,,
Limestone,34.558498,-111.328313,,,3F,0,CONT,N/A,1907,2008,,2.665,,,,,,,,
Limestone,34.558498,-111.328313,,,3F,0,CONT,N/A,1907,2007,,2.13,,,,,,,,
Limestone,34.558498,-111.328313,,,5C,0,CONT,N/A,1907,2007,,1.485,,,,,,,,
Limestone,34.558498,-111.328313,,,5C,0,CONT,N/A,1907,2008,,1.475,,,,,,,,
Limestone,34.558498,-111.328313,,,5E,0,CONT,N/A,1907,2008,,3.89,,,,,,,,
Limestone,34.558498,-111.328313,,,5E,0,CONT,N/A,1907,2007,,3.17,,,,,,,,
Limestone,34.558498,-111.328313,,,2D,0.125,NOV,1975,1999,2008,,3.075,,,,,,,,
Limestone,34.558498,-111.328313,,,2D,0.125,NOV,1975,1999,2007,,1.805,,,,,,,,
Limestone,34.558498,-111.328313,,,3B,0.125,NOV,1975,1999,2007,,3.875,,,,,,,,
Limestone,34.558498,-111.328313,,,3B,0.125,NOV,1975,1999,2008,,3.845,,,,,,,,
Limestone,34.558498,-111.328313,,,5A,0.125,NOV,1975,1999,2008,,6.945,,,,,,,,
Limestone,34.558498,-111.328313,,,5A,0.125,NOV,1975,1999,2007,,2.805,,,,,,,,
Limestone,34.558498,-111.328313,,,3E,0.25,NOV,1975,2003,2008,,4.13,,,,,,,,
Limestone,34.558498,-111.328313,,,3E,0.25,NOV,1975,2003,2007,,2.15,,,,,,,,
Limestone,34.558498,-111.328313,,,4C,0.25,NOV,1975,2003,2008,,4.035,,,,,,,,
Limestone,34.558498,-111.328313,,,4C,0.25,NOV,1975,2003,2007,,2.845,,,,,,,,
Limestone,34.558498,-111.328313,,,4E,0.25,NOV,1975,2003,2008,,0.88,,,,,,,,
Limestone,34.558498,-111.328313,,,4E,0.25,NOV,1975,2003,2007,,0.7,,,,,,,,
Limestone,34.558498,-111.328313,,,2B,0.1,NOV,1975,2005,2007,,3.1,,,,,,,,
Limestone,34.558498,-111.328313,,,2B,0.1,NOV,1975,2005,2008,,1.78,,,,,,,,
Limestone,34.558498,-111.328313,,,2E,0.1,NOV,1975,2005,2008,,1.355,,,,,,,,
Limestone,34.558498,-111.328313,,,2E,0.1,NOV,1975,2005,2007,,0.85,,,,,,,,
Limestone,34.558498,-111.328313,,,5D,0.1,NOV,1975,2005,2008,,4.095,,,,,,,,
Limestone,34.558498,-111.328313,,,5D,0.1,NOV,1975,2005,2007,,2.65,,,,,,,,
Limestone,34.558498,-111.328313,,,4F,0.1666667,NOV,1975,2005,2007,,13,,,,,,,,
Limestone,34.558498,-111.328313,,,4F,0.1666667,NOV,1975,2005,2008,,8.61,,,,,,,,
Limestone,34.558498,-111.328313,,,5B,0.1666667,NOV,1975,2005,2007,,6.07,,,,,,,,
Limestone,34.558498,-111.328313,,,5B,0.1666667,NOV,1975,2005,2008,,4.895,,,,,,,,
Limestone,34.558498,-111.328313,,,5F,0.1666667,NOV,1975,2005,2007,,3.58,,,,,,,,
Limestone,34.558498,-111.328313,,,5F,0.1666667,NOV,1975,2005,2008,,2.91,,,,,,,,
Limestone,34.558498,-111.328313,,,2A,0.5,NOV,1975,2005,2008,,5.615,,,,,,,,
Limestone,34.558498,-111.328313,,,2A,0.5,NOV,1975,2005,2007,,2.91,,,,,,,,
Limestone,34.558498,-111.328313,,,3D,0.5,NOV,1975,2005,2007,,2.68,,,,,,,,
Limestone,34.558498,-111.328313,,,3D,0.5,NOV,1975,2005,2008,,3.265,,,,,,,,
Limestone,34.558498,-111.328313,,,4D,0.5,NOV,1975,2005,2007,,1.625,,,,,,,,
Limestone,34.558498,-111.328313,,,4D,0.5,NOV,1975,2005,2008,,1.055,,,,,,,,
Limestone,34.558498,-111.328313,,,3A,1,NOV,1975,2006,2008,,6.74,,,,,,,,
Limestone,34.558498,-111.328313,,,3A,1,NOV,1975,2006,2007,,3.15,,,,,,,,
Limestone,34.558498,-111.328313,,,4A,1,NOV,1975,2006,2008,,3.38,,,,,,,,
Limestone,34.558498,-111.328313,,,4A,1,NOV,1975,2006,2007,,1.495,,,,,,,,
Limestone,34.558498,-111.328313,,,4B,1,NOV,1975,2006,2008,,4.205,,,,,,,,
Limestone,34.558498,-111.328313,,,4B,1,NOV,1975,2006,2007,,2.53,,,,,,,,
TallTimbers,30.65,-84.2,,,75B,0,CONT,1960,1960,2007,,3.9,,,,,,,,
TallTimbers,30.65,-84.2,,,NB66,0,CONT,1960,1960,2007,,1.8,,,,,,,,
TallTimbers,30.65,-84.2,,,UA,0,CONT,1960,1960,2007,,0.4,,,,,,,,
TallTimbers,30.65,-84.2,,,W4A,0.3138298,FEB-APR,1960,2007,2007,,7.4,,,,,,,,
TallTimbers,30.65,-84.2,,,W4B,0.3138298,FEB-APR,1960,2007,2007,,7.4,,,,,,,,
TallTimbers,30.65,-84.2,,,W4C,0.3138298,FEB-APR,1960,2007,2007,,8.2,,,,,,,,
TallTimbers,30.65,-84.2,,,W3A,0.3333333,FEB-APR,1960,2007,2007,,7,,,,,,,,
TallTimbers,30.65,-84.2,,,W3B,0.3333333,FEB-APR,1960,2007,2007,,5.9,,,,,,,,
TallTimbers,30.65,-84.2,,,W3C,0.3333333,FEB-APR,1960,2007,2007,,4.3,,,,,,,,
TallTimbers,30.65,-84.2,,,W2A,0.5,FEB-APR,1960,2007,2007,,31.1,,,,,,,,
TallTimbers,30.65,-84.2,,,W2B,0.5,FEB-APR,1960,2007,2007,,21.3,,,,,,,,
TallTimbers,30.65,-84.2,,,W2C,0.5,FEB-APR,1960,2007,2007,,22.7,,,,,,,,
TallTimbers,30.65,-84.2,,,W1A,1,FEB-APR,1960,2007,2007,,78.9,,,,,,,,
TallTimbers,30.65,-84.2,,,W1B,1,FEB-APR,1960,2007,2007,,25.9,,,,,,,,
TallTimbers,30.65,-84.2,,,W1C,1,FEB-APR,1960,2007,2007,,23.3,,,,,,,,
Tiogo,12.22,-2.7,,,1_114_0_0,0,CONT,N/A,1991,1992,,98.6575,,,,,,,,
Tiogo,12.22,-2.7,,,2_208_0_0,0,CONT,N/A,1991,1992,,98.2353,,,,,,,,
Tiogo,12.22,-2.7,,,3_303_0_0,0,CONT,N/A,1991,1992,,92.2681,,,,,,,,
Tiogo,12.22,-2.7,,,4_415_0_0,0,CONT,N/A,1991,1992,,78.4314,,,,,,,,
Tiogo,12.22,-2.7,,,1_101_0_0,1,OCTNOV,1991,1991,1992,,99.4048,,,,,,,,
Tiogo,12.22,-2.7,,,2_201_0_0,1,OCTNOV,1991,1991,1992,,94.4442,,,,,,,,
Tiogo,12.22,-2.7,,,3_314_0_0,1,OCTNOV,1991,1991,1992,,73.0995,,,,,,,,
Tiogo,12.22,-2.7,,,4_408_0_0,1,OCTNOV,1991,1991,1992,,74.1575,,,,,,,,
Tiogo,12.22,-2.7,,,1_114_0_0,0,CONT,N/A,1992,1993,,92.8177,,,,,,,,
Tiogo,12.22,-2.7,,,2_208_0_0,0,CONT,N/A,1992,1993,,94.3504,,,,,,,,
Tiogo,12.22,-2.7,,,3_303_0_0,0,CONT,N/A,1992,1993,,93.6275,,,,,,,,
Tiogo,12.22,-2.7,,,4_415_0_0,0,CONT,N/A,1992,1993,,96.4539,,,,,,,,
Tiogo,12.22,-2.7,,,1_101_0_0,1,OCTNOV,1991,1992,1993,,97.2376,,,,,,,,
Tiogo,12.22,-2.7,,,2_201_0_0,1,OCTNOV,1991,1992,1993,,82.4468,,,,,,,,
Tiogo,12.22,-2.7,,,3_314_0_0,1,OCTNOV,1991,1992,1993,,81.0343,,,,,,,,
Tiogo,12.22,-2.7,,,4_408_0_0,1,OCTNOV,1991,1992,1993,,78.0142,,,,,,,,
Tiogo,12.22,-2.7,,,1_114_0_0,0,CONT,N/A,1993,1994,,83.2216,,,,,,,,
Tiogo,12.22,-2.7,,,2_208_0_0,0,CONT,N/A,1993,1994,,89.7438,,,,,,,,
Tiogo,12.22,-2.7,,,3_303_0_0,0,CONT,N/A,1993,1994,,93.2773,,,,,,,,
Tiogo,12.22,-2.7,,,4_415_0_0,0,CONT,N/A,1993,1994,,92.9488,,,,,,,,
Tiogo,12.22,-2.7,,,1_101_0_0,1,OCTNOV,1991,1993,1994,,96.3191,,,,,,,,
Tiogo,12.22,-2.7,,,2_201_0_0,1,OCTNOV,1991,1993,1994,,89.6227,,,,,,,,
Tiogo,12.22,-2.7,,,3_314_0_0,1,OCTNOV,1991,1993,1994,,49.4949,,,,,,,,
Tiogo,12.22,-2.7,,,4_408_0_0,1,OCTNOV,1991,1993,1994,,80.5755,,,,,,,,
Tiogo,12.22,-2.7,,,1_114_0_0,0,CONT,N/A,1994,1995,,96.2963,,,,,,,,
Tiogo,12.22,-2.7,,,2_208_0_0,0,CONT,N/A,1994,1995,,95.3271,,,,,,,,
Tiogo,12.22,-2.7,,,3_303_0_0,0,CONT,N/A,1994,1995,,90.7896,,,,,,,,
Tiogo,12.22,-2.7,,,4_415_0_0,0,CONT,N/A,1994,1995,,96.0396,,,,,,,,
Tiogo,12.22,-2.7,,,1_101_0_0,1,OCTNOV,1991,1994,1995,,90.6667,,,,,,,,
Tiogo,12.22,-2.7,,,2_201_0_0,1,OCTNOV,1991,1994,1995,,89.3617,,,,,,,,
Tiogo,12.22,-2.7,,,3_314_0_0,1,OCTNOV,1991,1994,1995,,93.1819,,,,,,,,
Tiogo,12.22,-2.7,,,4_408_0_0,1,OCTNOV,1991,1994,1995,,62.1052,,,,,,,,
Tiogo,12.22,-2.7,,,1_114_0_0,0,CONT,N/A,1995,1996,,95.2128,,,,,,,,
Tiogo,12.22,-2.7,,,2_208_0_0,0,CONT,N/A,1995,1996,,96.5987,,,,,,,,
Tiogo,12.22,-2.7,,,3_303_0_0,0,CONT,N/A,1995,1996,,93.4212,,,,,,,,
Tiogo,12.22,-2.7,,,4_415_0_0,0,CONT,N/A,1995,1996,,93.6937,,,,,,,,
Tiogo,12.22,-2.7,,,1_101_0_0,1,OCTNOV,1991,1995,1996,,86.7469,,,,,,,,
Tiogo,12.22,-2.7,,,2_201_0_0,1,OCTNOV,1991,1995,1996,,85.7141,,,,,,,,
Tiogo,12.22,-2.7,,,3_314_0_0,1,OCTNOV,1991,1995,1996,,71.6052,,,,,,,,
Tiogo,12.22,-2.7,,,4_408_0_0,1,OCTNOV,1991,1995,1996,,78.3216,,,,,,,,
Tiogo,12.22,-2.7,,,1_114_0_0,0,CONT,N/A,1996,1997,,94.0399,,,,,,,,
Tiogo,12.22,-2.7,,,2_208_0_0,0,CONT,N/A,1996,1997,,98.3471,,,,,,,,
Tiogo,12.22,-2.7,,,3_303_0_0,0,CONT,N/A,1996,1997,,92.6175,,,,,,,,
Tiogo,12.22,-2.7,,,4_415_0_0,0,CONT,N/A,1996,1997,,90,,,,,,,,
Tiogo,12.22,-2.7,,,1_101_0_0,1,OCTNOV,1991,1996,1997,,90.909,,,,,,,,
Tiogo,12.22,-2.7,,,2_201_0_0,1,OCTNOV,1991,1996,1997,,95.9183,,,,,,,,
Tiogo,12.22,-2.7,,,3_314_0_0,1,OCTNOV,1991,1996,1997,,75.5727,,,,,,,,
Tiogo,12.22,-2.7,,,4_408_0_0,1,OCTNOV,1991,1996,1997,,77.5701,,,,,,,,
Tiogo,12.22,-2.7,,,1_114_0_0,0,CONT,N/A,1997,1998,,94.2308,,,,,,,,
Tiogo,12.22,-2.7,,,2_208_0_0,0,CONT,N/A,1997,1998,,95.6205,,,,,,,,
Tiogo,12.22,-2.7,,,3_303_0_0,0,CONT,N/A,1997,1998,,85.7143,,,,,,,,
Tiogo,12.22,-2.7,,,4_415_0_0,0,CONT,N/A,1997,1998,,95.5056,,,,,,,,
Tiogo,12.22,-2.7,,,1_101_0_0,1,OCTNOV,1991,1997,1998,,96.8504,,,,,,,,
Tiogo,12.22,-2.7,,,2_201_0_0,1,OCTNOV,1991,1997,1998,,72.2222,,,,,,,,
Tiogo,12.22,-2.7,,,3_314_0_0,1,OCTNOV,1991,1997,1998,,59.7826,,,,,,,,
Tiogo,12.22,-2.7,,,4_408_0_0,1,OCTNOV,1991,1997,1998,,75.4902,,,,,,,,
Tiogo,12.22,-2.7,,,1_114_0_0,0,CONT,N/A,1998,1999,,90.9092,,,,,,,,
Tiogo,12.22,-2.7,,,2_208_0_0,0,CONT,N/A,1998,1999,,96.8255,,,,,,,,
Tiogo,12.22,-2.7,,,3_303_0_0,0,CONT,N/A,1998,1999,,100,,,,,,,,
Tiogo,12.22,-2.7,,,4_415_0_0,0,CONT,N/A,1998,1999,,99.9999,,,,,,,,
Tiogo,12.22,-2.7,,,1_101_0_0,1,OCTNOV,1991,1998,1999,,100,,,,,,,,
Tiogo,12.22,-2.7,,,2_201_0_0,1,OCTNOV,1991,1998,1999,,85.1239,,,,,,,,
Tiogo,12.22,-2.7,,,3_314_0_0,1,OCTNOV,1991,1998,1999,,69.6721,,,,,,,,
Tiogo,12.22,-2.7,,,4_408_0_0,1,OCTNOV,1991,1998,1999,,73.077,,,,,,,,
Tiogo,12.22,-2.7,,,1_114_0_0,0,CONT,N/A,1999,2000,,95.8525,,,,,,,,
Tiogo,12.22,-2.7,,,2_208_0_0,0,CONT,N/A,1999,2000,,99.5024,,,,,,,,
Tiogo,12.22,-2.7,,,3_303_0_0,0,CONT,N/A,1999,2000,,85.8976,,,,,,,,
Tiogo,12.22,-2.7,,,4_415_0_0,0,CONT,N/A,1999,2000,,100,,,,,,,,
Tiogo,12.22,-2.7,,,1_101_0_0,1,OCTNOV,1991,1999,2000,,94.1176,,,,,,,,
Tiogo,12.22,-2.7,,,2_201_0_0,1,OCTNOV,1991,1999,2000,,87.234,,,,,,,,
Tiogo,12.22,-2.7,,,3_314_0_0,1,OCTNOV,1991,1999,2000,,92.1428,,,,,,,,
Tiogo,12.22,-2.7,,,4_408_0_0,1,OCTNOV,1991,1999,2000,,96.1165,,,,,,,,
Tiogo,12.22,-2.7,,,1_114_0_0,0,CONT,N/A,2000,2001,,95.238,,,,,,,,
Tiogo,12.22,-2.7,,,2_208_0_0,0,CONT,N/A,2000,2001,,97.3822,,,,,,,,
Tiogo,12.22,-2.7,,,3_303_0_0,0,CONT,N/A,2000,2001,,79.6536,,,,,,,,
Tiogo,12.22,-2.7,,,4_415_0_0,0,CONT,N/A,2000,2001,,98.9795,,,,,,,,
Tiogo,12.22,-2.7,,,1_101_0_0,1,OCTNOV,1991,2000,2001,,95.0921,,,,,,,,
Tiogo,12.22,-2.7,,,2_201_0_0,1,OCTNOV,1991,2000,2001,,86.0466,,,,,,,,
Tiogo,12.22,-2.7,,,3_314_0_0,1,OCTNOV,1991,2000,2001,,80.6121,,,,,,,,
Tiogo,12.22,-2.7,,,4_408_0_0,1,OCTNOV,1991,2000,2001,,83.4644,,,,,,,,
Tiogo,12.22,-2.7,,,1_114_0_0,0,CONT,N/A,2001,2002,,80.5148,,,,,,,,
Tiogo,12.22,-2.7,,,2_208_0_0,0,CONT,N/A,2001,2002,,87.2483,,,,,,,,
Tiogo,12.22,-2.7,,,3_303_0_0,0,CONT,N/A,2001,2002,,67.3227,,,,,,,,
Tiogo,12.22,-2.7,,,4_415_0_0,0,CONT,N/A,2001,2002,,94.5205,,,,,,,,
Tiogo,12.22,-2.7,,,1_101_0_0,1,OCTNOV,1991,2001,2002,,90.2876,,,,,,,,
Tiogo,12.22,-2.7,,,2_201_0_0,1,OCTNOV,1991,2001,2002,,74.4527,,,,,,,,
Tiogo,12.22,-2.7,,,3_314_0_0,1,OCTNOV,1991,2001,2002,,86.331,,,,,,,,
Tiogo,12.22,-2.7,,,4_408_0_0,1,OCTNOV,1991,2001,2002,,82.9787,,,,,,,,
Tiogo,12.22,-2.7,,,1_114_0_0,0,CONT,N/A,2002,2003,,89.1474,,,,,,,,
Tiogo,12.22,-2.7,,,2_208_0_0,0,CONT,N/A,2002,2003,,90.5982,,,,,,,,
Tiogo,12.22,-2.7,,,3_303_0_0,0,CONT,N/A,2002,2003,,89.5028,,,,,,,,
Tiogo,12.22,-2.7,,,4_415_0_0,0,CONT,N/A,2002,2003,,100,,,,,,,,
Tiogo,12.22,-2.7,,,1_101_0_0,1,OCTNOV,1991,2002,2003,,95.3754,,,,,,,,
Tiogo,12.22,-2.7,,,2_201_0_0,1,OCTNOV,1991,2002,2003,,85.2942,,,,,,,,
Tiogo,12.22,-2.7,,,3_314_0_0,1,OCTNOV,1991,2002,2003,,88.5715,,,,,,,,
Tiogo,12.22,-2.7,,,4_408_0_0,1,OCTNOV,1991,2002,2003,,71.4284,,,,,,,,
Ukulinga,-29.67,30.4,,,A810C1_M,0.333,N/A,1950,2007,2010,,103.01,,,,,,,,
Ukulinga,-29.67,30.4,,,A810C2_M,0.333,N/A,1950,2007,2010,,40.78,,,,,,,,
Ukulinga,-29.67,30.4,,,A810C3_M,0.333,N/A,1950,2007,2010,,75.77,,,,,,,,
Ukulinga,-29.67,30.4,,,A310C1_A,1,N/A,1950,2009,2010,,109.91,,,,,,,,
Ukulinga,-29.67,30.4,,,A310C2_A,1,N/A,1950,2009,2010,,112.9,,,,,,,,
Ukulinga,-29.67,30.4,,,A310C3_A,1,N/A,1950,2009,2010,,96.13,,,,,,,,
Ukulinga,-29.67,30.4,,,A110C1_U,0,N/A,N/A,N/A,2010,,43.63,,,,,,,,
Ukulinga,-29.67,30.4,,,A110C2_U,0,N/A,N/A,N/A,2010,,14.27,,,,,,,,
Ukulinga,-29.67,30.4,,,A110C3_U,0,N/A,N/A,N/A,2010,,20.5,,,,,,,,
Yenisei,60,92,,,204_lichen_type,0.02314815,N/A,N/A,1951.5,1998,,0.5,,,,,,,,
Yenisei,60,92,,,383_lichen_type,0.02314815,N/A,N/A,1951.5,1998,,0.5,,,,,,,,
Yenisei,60,92,,,266_vaccinium_type,0.02415459,N/A,N/A,1961.7,1998,,0.5,,,,,,,,
Yenisei,60,92,,,53_vaccinium_type,0.02415459,N/A,N/A,1961.7,1998,,0.5,,,,,,,,
Yenisei,60,92,,,26_lichen_type,0.03984064,N/A,N/A,1976.3,1998,,12,,,,,,,,
Yenisei,60,92,,,14_lichen_type,0,N/A,N/A,1984,1998,,75,,,,,,,,
Yenisei,60,92,,,2_lichen_type,0,N/A,N/A,1996,1998,,0.5,,,,,,,,
Morton,41.817,-88.05,,,Burned_1,0.333333333,FALL,1986,2004,2007,,15,,,,,,,,
Morton,41.817,-88.05,,,Unburned_2,0,CONT,N/A,N/A,2007,,5,,,,,,,,
Okmulgee,35.633,-96.03,,,7,0.1052632,FEB-MAR,1996,2005,2008,,14.47857143,,,,,,,,
Okmulgee,35.633,-96.03,,,3,0.2105263,FEB-MAR,1991,2005,2008,,46.5281746,,,,,,,,
Okmulgee,35.633,-96.03,,,10,0.3157895,FEB-MAR,1992,2005,2008,,70.43838002,,,,,,,,
Okmulgee,35.633,-96.03,,,7,0.1052632,FEB-MAR,1989,2007,2008,,1,,,,,,,,
Okmulgee,35.633,-96.03,,,2,0.2631579,FEB-MAR,1992,2007,2008,,61.35195707,,,,,,,,
Okmulgee,35.633,-96.03,,,1,0.5263158,FEB-MAR,1989,2007,2008,,38.18252442,,,,,,,,
Okmulgee,35.633,-96.03,,,6,0.2105263,FEB-MAR,1993,2008,2008,,39.56128472,,,,,,,,
Okmulgee,35.633,-96.03,,,4,0.3684211,FEB-MAR,1992,2008,2008,,26.84598214,,,,,,,,
Okmulgee,35.633,-96.03,,,13,0,CONT,N/A,N/A,2008,,19.09970238,,,,,,,,
KrugerSatara,-24.401,31.746,,,SAMA,0.3333333,AUG,1954,2010,N/A,,139.5231341,,,,,,,,
KrugerSatara,-24.401,31.746,,,SANW,0.3333333,AUG,1954,2010,N/A,,90.16672567,,,,,,,,
KrugerSatara,-24.401,31.746,,,SASA,0.3333333,AUG,1954,2010,N/A,,162.6700593,,,,,,,,
KrugerSatara,-24.401,31.746,,,SAMA,1,AUG,1954,2010,N/A,,142.1486099,,,,,,,,
KrugerSatara,-24.401,31.746,,,SANW,1,AUG,1954,2010,N/A,,76.68763031,,,,,,,,
KrugerSatara,-24.401,31.746,,,SASA,1,AUG,1954,2010,N/A,,110.1506736,,,,,,,,
KrugerSatara,-24.401,31.746,,,SAMA,0,CONT,N/A,N/A,N/A,,179.3704157,,,,,,,,
KrugerSatara,-24.401,31.746,,,SANW,0,CONT,N/A,N/A,N/A,,170.4974124,,,,,,,,
KrugerSatara,-24.401,31.746,,,SASA,0,CONT,N/A,N/A,N/A,,164.6858344,,,,,,,,
LaPampa,-38.75,-63.75,,,1,0.1764706,MAR-JUN,1991,2007,N/A,,19.5,,,,,,,,
LaPampa,-38.75,-63.75,,,2,0.1764706,MAR-JUN,1991,2007,N/A,,23.65,,,,,,,,
LaPampa,-38.75,-63.75,,,3,0.1764706,MAR-JUN,1991,2007,N/A,,6.95,,,,,,,,
LaPampa,-38.75,-63.75,,,4,0.1764706,MAR-JUN,1991,2007,N/A,,25.725,,,,,,,,
LaPampa,-38.75,-63.75,,,5,0.1764706,MAR-JUN,1991,2007,N/A,,19,,,,,,,,
LaPampa,-38.75,-63.75,,,6,0.1764706,MAR-JUN,1991,2007,N/A,,19.7,,,,,,,,
LaPampa,-38.75,-63.75,,,7,0.1764706,MAR-JUN,1991,2007,N/A,,16.375,,,,,,,,
LaPampa,-38.75,-63.75,,,8,0.1764706,MAR-JUN,1991,2007,N/A,,27.925,,,,,,,,
LaPampa,-38.75,-63.75,,,9,0.1764706,MAR-JUN,1991,2007,N/A,,20.65,,,,,,,,
LaPampa,-38.75,-63.75,,,10,0.1764706,MAR-JUN,1991,2007,N/A,,19.05,,,,,,,,
LaPampa,-38.75,-63.75,,,11,0.1764706,MAR-JUN,1991,2007,N/A,,10.2,,,,,,,,
LaPampa,-38.75,-63.75,,,12,0.1764706,MAR-JUN,1991,2007,N/A,,11.875,,,,,,,,
LaPampa,-38.75,-63.75,,,13,0.1764706,MAR-JUN,1991,2007,N/A,,14.375,,,,,,,,
LaPampa,-38.75,-63.75,,,15,0.1764706,MAR-JUN,1991,2007,N/A,,10.825,,,,,,,,
LaPampa,-38.75,-63.75,,,16,0.1764706,MAR-JUN,1991,2007,N/A,,8.775,,,,,,,,
LaPampa,-38.75,-63.75,,,17,0.1764706,MAR-JUN,1991,2007,N/A,,15.65,,,,,,,,
LaPampa,-38.75,-63.75,,,18,0.1764706,MAR-JUN,1991,2007,N/A,,10.75,,,,,,,,
LaPampa,-38.75,-63.75,,,19,0.1764706,MAR-JUN,1991,2007,N/A,,11.75,,,,,,,,
LaPampa,-38.75,-63.75,,,20,0.1764706,MAR-JUN,1991,2007,N/A,,8.15,,,,,,,,
LaPampa,-38.75,-63.75,,,14,0.1764706,MAR-JUN,1991,2007,N/A,,11.6,,,,,,,,
LaPampa,-38.75,-63.75,,,1,0.2941176,MAR-JUN,1991,2007,N/A,,23.675,,,,,,,,
LaPampa,-38.75,-63.75,,,2,0.2941176,MAR-JUN,1991,2007,N/A,,15.625,,,,,,,,
LaPampa,-38.75,-63.75,,,3,0.2941176,MAR-JUN,1991,2007,N/A,,20.875,,,,,,,,
LaPampa,-38.75,-63.75,,,4,0.2941176,MAR-JUN,1991,2007,N/A,,25.725,,,,,,,,
LaPampa,-38.75,-63.75,,,5,0.2941176,MAR-JUN,1991,2007,N/A,,24.825,,,,,,,,
LaPampa,-38.75,-63.75,,,6,0.2941176,MAR-JUN,1991,2007,N/A,,21.9,,,,,,,,
LaPampa,-38.75,-63.75,,,7,0.2941176,MAR-JUN,1991,2007,N/A,,25.675,,,,,,,,
LaPampa,-38.75,-63.75,,,8,0.2941176,MAR-JUN,1991,2007,N/A,,25.125,,,,,,,,
LaPampa,-38.75,-63.75,,,9,0.2941176,MAR-JUN,1991,2007,N/A,,11.15,,,,,,,,
LaPampa,-38.75,-63.75,,,10,0.2941176,MAR-JUN,1991,2007,N/A,,23.275,,,,,,,,
LaPampa,-38.75,-63.75,,,11,0.2941176,MAR-JUN,1991,2007,N/A,,23.275,,,,,,,,
LaPampa,-38.75,-63.75,,,12,0.2941176,MAR-JUN,1991,2007,N/A,,15.975,,,,,,,,
LaPampa,-38.75,-63.75,,,13,0.2941176,MAR-JUN,1991,2007,N/A,,5.325,,,,,,,,
LaPampa,-38.75,-63.75,,,15,0.2941176,MAR-JUN,1991,2007,N/A,,26.575,,,,,,,,
LaPampa,-38.75,-63.75,,,16,0.2941176,MAR-JUN,1991,2007,N/A,,21.375,,,,,,,,
LaPampa,-38.75,-63.75,,,17,0.2941176,MAR-JUN,1991,2007,N/A,,20.975,,,,,,,,
LaPampa,-38.75,-63.75,,,18,0.2941176,MAR-JUN,1991,2007,N/A,,14.75,,,,,,,,
LaPampa,-38.75,-63.75,,,19,0.2941176,MAR-JUN,1991,2007,N/A,,22.275,,,,,,,,
LaPampa,-38.75,-63.75,,,20,0.2941176,MAR-JUN,1991,2007,N/A,,19.475,,,,,,,,
LaPampa,-38.75,-63.75,,,14,0.2941176,MAR-JUN,1991,2007,N/A,,12.5,,,,,,,,
LaPampa,-38.75,-63.75,,,1,0,CONT,N/A,N/A,N/A,,11.425,,,,,,,,
LaPampa,-38.75,-63.75,,,2,0,CONT,N/A,N/A,N/A,,15.2,,,,,,,,
LaPampa,-38.75,-63.75,,,3,0,CONT,N/A,N/A,N/A,,8.15,,,,,,,,
LaPampa,-38.75,-63.75,,,4,0,CONT,N/A,N/A,N/A,,9.3,,,,,,,,
LaPampa,-38.75,-63.75,,,5,0,CONT,N/A,N/A,N/A,,9.675,,,,,,,,
LaPampa,-38.75,-63.75,,,6,0,CONT,N/A,N/A,N/A,,8.55,,,,,,,,
LaPampa,-38.75,-63.75,,,7,0,CONT,N/A,N/A,N/A,,3.2,,,,,,,,
LaPampa,-38.75,-63.75,,,8,0,CONT,N/A,N/A,N/A,,6.45,,,,,,,,
LaPampa,-38.75,-63.75,,,9,0,CONT,N/A,N/A,N/A,,7.775,,,,,,,,
LaPampa,-38.75,-63.75,,,10,0,CONT,N/A,N/A,N/A,,17.15,,,,,,,,
LaPampa,-38.75,-63.75,,,11,0,CONT,N/A,N/A,N/A,,17.1,,,,,,,,
LaPampa,-38.75,-63.75,,,12,0,CONT,N/A,N/A,N/A,,7.375,,,,,,,,
LaPampa,-38.75,-63.75,,,13,0,CONT,N/A,N/A,N/A,,11.05,,,,,,,,
LaPampa,-38.75,-63.75,,,15,0,CONT,N/A,N/A,N/A,,10.6,,,,,,,,
LaPampa,-38.75,-63.75,,,16,0,CONT,N/A,N/A,N/A,,2.4,,,,,,,,
LaPampa,-38.75,-63.75,,,17,0,CONT,N/A,N/A,N/A,,13.25,,,,,,,,
LaPampa,-38.75,-63.75,,,18,0,CONT,N/A,N/A,N/A,,4.425,,,,,,,,
LaPampa,-38.75,-63.75,,,19,0,CONT,N/A,N/A,N/A,,10.975,,,,,,,,
LaPampa,-38.75,-63.75,,,20,0,CONT,N/A,N/A,N/A,,7.675,,,,,,,,
LaPampa,-38.75,-63.75,,,14,0,CONT,N/A,N/A,N/A,,8.7,,,,,,,,
Konza,39.1,-96.6,,,n4b_C,0.25,APR,1980,2008,2011-2013,,107.0025794,,,,,,,,
Konza,39.1,-96.6,,,n4b_C,0.25,APR,1980,2007.5,2011-2013,,6.425,,,,,,,,
Konza,39.1,-96.6,,,n4b_C,0.25,APR,1980,2007,2011-2013,,1.125,,,,,,,,
Konza,39.1,-96.6,,,n4d_A,0.25,APR,1977,2008,2011-2013,,102.9886905,,,,,,,,
Konza,39.1,-96.6,,,n4d_A,0.25,APR,1977,2007.5,2011-2013,,9.219047619,,,,,,,,
Konza,39.1,-96.6,,,n4d_A,0.25,APR,1977,2007,2011-2013,,2.5,,,,,,,,
Konza,39.1,-96.6,,,n4d_B,0.25,APR,1977,2008,2011-2013,,115.2380952,,,,,,,,
Konza,39.1,-96.6,,,n4d_B,0.25,APR,1977,2007,2011-2013,,1.625,,,,,,,,
Konza,39.1,-96.6,,,n4d_B,0.25,APR,1977,2007.5,2011-2013,,3.3125,,,,,,,,
Konza,39.1,-96.6,,,n4b_C,0.25,APR,1980,2008.5,2011-2013,,1.75,,,,,,,,
Konza,39.1,-96.6,,,n4b_C,0.25,APR,1980,2009,2011-2013,,5.5,,,,,,,,
Konza,39.1,-96.6,,,n4d_A,0.25,APR,1977,2009,2011-2013,,0.25,,,,,,,,
Konza,39.1,-96.6,,,n4d_B,0.25,APR,1977,2009,2011-2013,,1.125,,,,,,,,
Konza,39.1,-96.6,,,n1b_A,1,APR,1977,2011,2011-2013,,120.1922619,,,,,,,,
Konza,39.1,-96.6,,,n1b_A,1,APR,1977,2010.5,2011-2013,,3.289583333,,,,,,,,
Konza,39.1,-96.6,,,n1b_A,1,APR,1977,2010,2011-2013,,1,,,,,,,,
Konza,39.1,-96.6,,,n1b_B,1,APR,1977,2011,2011-2013,,117.2946429,,,,,,,,
Konza,39.1,-96.6,,,n1b_B,1,APR,1977,2010,2011-2013,,0.25,,,,,,,,
Konza,39.1,-96.6,,,n1b_C,1,APR,1977,2011,2011-2013,,108.390873,,,,,,,,
Konza,39.1,-96.6,,,n1b_C,1,APR,1977,2010.5,2011-2013,,0.5,,,,,,,,
Konza,39.1,-96.6,,,n1b_B,1,APR,1977,2011.5,2011-2013,,1.25,,,,,,,,
Konza,39.1,-96.6,,,n1b_A,1,APR,1977,2012,2011-2013,,1,,,,,,,,
Konza,39.1,-96.6,,,n1b_C,1,APR,1977,2012,2011-2013,,0.5,,,,,,,,
Konza,39.1,-96.6,,,n20_A,0,N/A,N/A,N/A,2011-2013,,116.8323413,,,,,,,,
Konza,39.1,-96.6,,,n20_B,0,N/A,N/A,N/A,2011-2013,,125.4170635,,,,,,,,
Konza,39.1,-96.6,,,n20_C,0,N/A,N/A,N/A,2011-2013,,122.2436508,,,,,,,,
UniversityMissouri,36.9,-90.31666667,,,2,0.25,MAR-MAY,1951,2011,2010,,25.17501994,,,,,,,,
UniversityMissouri,36.9,-90.31666667,,,1,0.25,MAR-MAY,1949,2013,2010,,28.37864569,,,,,,,,
UniversityMissouri,36.9,-90.31666667,,,1,1,MAR-MAY,1949,2013,2010,,23.09096154,,,,,,,,
UniversityMissouri,36.9,-90.31666667,,,2,1,MAR-MAY,1951,2013,2010,,32.02259259,,,,,,,,
UniversityMissouri,36.9,-90.31666667,,,1,0,CONT,N/A,N/A,2010,,0.5,,,,,,,,
UniversityMissouri,36.9,-90.31666667,,,2,0,CONT,N/A,N/A,2010,,6.325,,,,,,,,
McCorkill,-33.9438,115.5312,,,4_AB,0.1875,MAR-MAY,1983,0,2015,,0.03,,,,,,,,
McCorkill,-33.9438,115.5312,,,9_AB,0.1875,MAR-MAY,1983,0,2015,,0.03,,,,,,,,
McCorkill,-33.9438,115.5312,,,10_VF,0.25,MAR-MAY,1983,0,2015,,0.32,,,,,,,,
McCorkill,-33.9438,115.5312,,,6_VF,0.25,MAR-MAY,1983,0,2015,,0.09,,,,,,,,
McCorkill,-33.9438,115.5312,,,1_LU,0,CONT,N/A,1976,2015,,0.28,,,,,,,,
McCorkill,-33.9438,115.5312,,,2_LU,0,CONT,N/A,1976,2015,,0.4,,,,,,,,
Yackelup,-34.1834,116.6186,,,3_LU,0,CONT,N/A,1981,2015,,1.25,,,,,,,,
Yackelup,-34.1834,116.6186,,,6_LU,0,CONT,N/A,1981,2015,,2.3,,,,,,,,
Yackelup,-34.1834,116.6186,,,1_AB,0.08823529,MAR-MAY,1981,2008,2015,,0.19,,,,,,,,
Yackelup,-34.1834,116.6186,,,12_AB,0.08823529,MAR-MAY,1981,2008,2015,,0.3,,,,,,,,
Yackelup,-34.1834,116.6186,,,10_VF,0.2058824,MAR-MAY,1981,2014,2015,,2.17,,,,,,,,
Yackelup,-34.1834,116.6186,,,2_VF,0.2058824,MAR-MAY,1981,2014,2015,,0.45,,,,,,,,
Hitchiti,34.766,-84.1435,,,12,0.368421053,DEC-MAR,1988,2006,2007,,67.88611111,,,,,,,,
Hitchiti,34.766,-84.1435,,,13,0.368421053,DEC-MAR,1988,2006,2007,,88.34524887,,,,,,,,
Hitchiti,34.766,-84.1435,,,18,0.368421053,DEC-MAR,1988,2006,2007,,24.86666667,,,,,,,,
Hitchiti,34.766,-84.1435,,,2,0.368421053,DEC-MAR,1988,2006,2007,,16.10416667,,,,,,,,
Hitchiti,34.766,-84.1435,,,23,0.368421053,DEC-MAR,1988,2006,2007,,4.15,,,,,,,,
Hitchiti,34.766,-84.1435,,,8,0.368421053,DEC-MAR,1988,2006,2007,,28.72987013,,,,,,,,
Hitchiti,34.766,-84.1435,,,9,0.368421053,DEC-MAR,1988,2006,2007,,51.3219697,,,,,,,,
Hitchiti,34.766,-84.1435,,,1,0.526315789,DEC-MAR,1988,2006,2007,,11.30357143,,,,,,,,
Hitchiti,34.766,-84.1435,,,11,0.526315789,DEC-MAR,1988,2006,2007,,38.80555556,,,,,,,,
Hitchiti,34.766,-84.1435,,,16,0.526315789,DEC-MAR,1988,2006,2007,,11.16153846,,,,,,,,
Hitchiti,34.766,-84.1435,,,22,0.526315789,DEC-MAR,1988,2006,2007,,20.75,,,,,,,,
Hitchiti,34.766,-84.1435,,,15,0,CONT,N/A,N/A,2007,,4.75,,,,,,,,
Hitchiti,34.766,-84.1435,,,21,0,CONT,N/A,N/A,2007,,1,,,,,,,,
Hitchiti,34.766,-84.1435,,,6,0,CONT,N/A,N/A,2007,,1,,,,,,,,
MatoposThornveld,-20.6,28.5,,,,0,NA,,,,15,,,2.97,,,,,,
MatoposThornveld,-20.6,28.5,,,,1,AUTUMN,,,,15,,,2.05,,,,,,
MatoposThornveld,-20.6,28.5,,,,1,ENDDRY,,,,15,,,2.13,,,,,,
MatoposThornveld,-20.6,28.5,,,,1,SPRINGPRERAIN,,,,15,,,3.1,,,,,,
MatoposThornveld,-20.6,28.5,,,,0.5,AUTUMN,,,,15,,,3.94,,,,,,
MatoposThornveld,-20.6,28.5,,,,0.5,ENDDRY,,,,15,,,3.36,,,,,,
MatoposThornveld,-20.6,28.5,,,,0.33,ENDDRY,,,,15,,,4.52,,,,,,
MatoposThornveld,-20.6,28.5,,,,0.33,SPRINGPRERAIN,,,,15,,,4.89,,,,,,
MatoposThornveld,-20.6,28.5,,,,0.2,ENDDRY,,,,15,,,4.09,,,,,,
MatoposSandveld,-20.6,28.5,,,,0,NA,,,,16,,,2.3,,,,,,
MatoposSandveld,-20.6,28.5,,,,1,AUTUMN,,,,16,,,2.69,,,,,,
MatoposSandveld,-20.6,28.5,,,,1,ENDDRY,,,,16,,,3.15,,,,,,
MatoposSandveld,-20.6,28.5,,,,1,SPRINGPRERAIN,,,,16,,,3.16,,,,,,
MatoposSandveld,-20.6,28.5,,,,0.5,AUTUMN,,,,16,,,3.33,,,,,,
MatoposSandveld,-20.6,28.5,,,,0.5,ENDDRY,,,,16,,,4.02,,,,,,
MatoposSandveld,-20.6,28.5,,,,0.33,ENDDRY,,,,16,,,1.88,,,,,,
MatoposSandveld,-20.6,28.5,,,,0.33,SPRINGPRERAIN,,,,16,,,3.85,,,,,,
MatoposSandveld,-20.6,28.5,,,,0.2,ENDDRY,,,,16,,,3.14,,,,,,
Red Volta,10.9,-0.7,,,,0,NA,,,,27,,,,630,,,,446,182
Red Volta,10.9,-0.7,,,,1,NOV,,,,27,,,,1250,,,,394,144
Red Volta,10.9,-0.7,,,,1,APR,,,,27,,,,1260,,,,584,260
Solar Village,-12.62,131.1,,,,0,Ridge,,,,23,13.7,25.4,,,,,0.67,,
Solar Village,-12.62,131.1,,,,0,Slope,,,,23,5,13.1,,,,,0.46,,
Solar Village,-12.62,131.1,,,,1,Ridge,,,,23,26.9,38.9,,,,,2.31,,
Solar Village,-12.62,131.1,,,,1,Slope,,,,23,33.9,52.1,,,,,3.5,,
Laba,11.67,-2.83,,,,0,NA,,,,8,,,,,3.36,,3.07,,
Laba,11.67,-2.83,,,,1,EARLY,,,,8,,,,,3.4,,3.1,,
Kanji-TerMac,10.2,4.4,,,,1,EARLY,,,,3,,,,,,1.53,,,
Kanji-TerMac,10.2,4.4,,,,1,LATE,,,,3,,,,,,3.09,,,
Kanji-TerMac,10.2,4.4,,,,0,NA,,,,3,,,,,,0.95,,,
Kanji-Woodland,10.2,4.4,,,,1,EARLY,,,,3,,,,,,1.63,,,
Kanji-Woodland,10.2,4.4,,,,1,LATE,,,,3,,,,,,3.66,,,
Kanji-Woodland,10.2,4.4,,,,0,NA,,,,3,,,,,,2.46,,,
Kanji-BurkDet,10.2,4.4,,,,1,EARLY,,,,3,,,,,,3.83,,,
Kanji-BurkDet,10.2,4.4,,,,1,LATE,,,,3,,,,,,6.17,,,
Kanji-BurkDet,10.2,4.4,,,,0,NA,,,,3,,,,,,2.47,,,