"","Site","Latitude","Longitude","Continent","FireFreq","Duration","FireSeason","BA","Density","Olson_Ecoregion","grassy"
"1","Alapaha",31.16666667,-83.25,NA,0.552631579,38,"WINTER",12.2,855,"Southeastern conifer forests","Yes"
"2","Alapaha",31.16666667,-83.25,NA,0,38,"CONT",23.2,963,"Southeastern conifer forests","Yes"
"3","Alapaha",31.16666667,-83.25,NA,0.342105263,38,"WINTER",9.8,373,"Southeastern conifer forests","Yes"
"4","Alapaha",31.16666667,-83.25,NA,0.394736842,38,"WINTER",17.2,1433,"Southeastern conifer forests","Yes"
"5","Alapaha",31.16666667,-83.25,NA,0.394736842,38,"WINTER",11.9,689,"Southeastern conifer forests","Yes"
"6","Alapaha",31.16666667,-83.25,NA,0.552631579,38,"WINTER",16.7,902,"Southeastern conifer forests","Yes"
"7","Alapaha",31.16666667,-83.25,NA,0,38,"CONT",23.4,1104,"Southeastern conifer forests","Yes"
"8","Alapaha",31.16666667,-83.25,NA,0.342105263,38,"WINTER",23,963,"Southeastern conifer forests","Yes"
"9","Bauple",-25.8,152.617,NA,0,50,"CONT",11.46,111.2,"Eastern Australian temperate forests","No"
"10","Bauple",-25.8,152.617,NA,0.35,23,"JUN - OCT",14.26,165.5,"Eastern Australian temperate forests","No"
"11","Bauple",-25.8,152.617,NA,0.35,23,"JUN - OCT",10.87,130.9,"Eastern Australian temperate forests","No"
"12","Bauple",-25.8,152.617,NA,0.35,23,"JUN - OCT",9.6,234.8,"Eastern Australian temperate forests","No"
"13","Bauple",-25.8,152.617,NA,0.35,23,"JUN - OCT",8.21,155.8,"Eastern Australian temperate forests","No"
"14","Bauple",-25.8,152.617,NA,0.89,44,"JUN - OCT",14.35,108.7,"Eastern Australian temperate forests","No"
"15","Bauple",-25.8,152.617,NA,0.89,44,"JUN - OCT",13.36,111.2,"Eastern Australian temperate forests","No"
"16","Bauple",-25.8,152.617,NA,0.89,44,"JUN - OCT",11.92,96.4,"Eastern Australian temperate forests","No"
"17","Bauple",-25.8,152.617,NA,0.89,44,"JUN - OCT",11.05,88.9,"Eastern Australian temperate forests","No"
"18","Bauple",-25.8,152.617,NA,0.89,44,"JUN - OCT",10.12,91.5,"Eastern Australian temperate forests","No"
"19","Bauple",-25.8,152.617,NA,0,50,"CONT",14.44,160.6,"Eastern Australian temperate forests","No"
"20","Bauple",-25.8,152.617,NA,0.89,44,"JUN - OCT",15.28,108.8,"Eastern Australian temperate forests","No"
"21","Bauple",-25.8,152.617,NA,0,50,"CONT",11.82,163.1,"Eastern Australian temperate forests","No"
"22","Bauple",-25.8,152.617,NA,0,50,"CONT",8.9,118.6,"Eastern Australian temperate forests","No"
"23","Bauple",-25.8,152.617,NA,0,50,"CONT",10.2,106.2,"Eastern Australian temperate forests","No"
"24","Bauple",-25.8,152.617,NA,0,50,"CONT",15.5,150.7,"Eastern Australian temperate forests","No"
"25","Bauple",-25.8,152.617,NA,0.35,23,"JUN - OCT",11.69,165.6,"Eastern Australian temperate forests","No"
"26","Bauple",-25.8,152.617,NA,0.35,23,"JUN - OCT",12.43,158.1,"Eastern Australian temperate forests","No"
"27","Cedar Creek",45.417,-93.167,NA,0.543478261,46,"APR-MAY",6.735873138,74.66666648,"Upper Midwest forest-savanna transition","No"
"28","Cedar Creek",45.417,-93.167,NA,0.822222222,45,"APR-MAY",1.925256246,39.9999999,"Upper Midwest forest-savanna transition","No"
"29","Cedar Creek",45.417,-93.167,NA,0.8,45,"APR-MAY",3.028318088,438.0891719,"Upper Midwest forest-savanna transition","No"
"30","Cedar Creek",45.417,-93.167,NA,0.488888889,45,"APR-MAY",1.596774743,180.6963906,"Upper Midwest forest-savanna transition","No"
"31","Cedar Creek",45.417,-93.167,NA,0.681818182,44,"APR-MAY",16.19583807,194.6666662,"Upper Midwest forest-savanna transition","No"
"32","Cedar Creek",45.417,-93.167,NA,0.363636364,44,"APR-MAY",13.1030481,154.6666662,"Upper Midwest forest-savanna transition","No"
"33","Cedar Creek",45.417,-93.167,NA,0.395348837,43,"APR-MAY",12.19403451,465.3927808,"Upper Midwest forest-savanna transition","No"
"34","Cedar Creek",45.417,-93.167,NA,0,41,"CONT",22.95731105,2362.267513,"Upper Midwest forest-savanna transition","No"
"35","Cedar Creek",45.417,-93.167,NA,0,45,"CONT",26.68617035,1476.815285,"Upper Midwest forest-savanna transition","No"
"36","Cedar Creek",45.417,-93.167,NA,0.12195122,41,"APR-MAY",6.359700037,8104.390657,"Upper Midwest forest-savanna transition","No"
"37","Cedar Creek",45.417,-93.167,NA,0.119047619,42,"APR-MAY",19.45955836,3895.957534,"Upper Midwest forest-savanna transition","No"
"38","Cedar Creek",45.417,-93.167,NA,0.581395349,43,"APR-MAY",6.450023136,50.66666654,"Upper Midwest forest-savanna transition","No"
"39","Cedar Creek",45.417,-93.167,NA,0,48,"CONT",37.74834498,677.3333317,"Upper Midwest forest-savanna transition","No"
"40","Cedar Creek",45.417,-93.167,NA,0.8,45,"APR-MAY",7.365531459,127.9999996,"Upper Midwest forest-savanna transition","No"
"41","Cedar Creek",45.417,-93.167,NA,0.145833333,48,"APR-MAY",12.8379536,940.815286,"Upper Midwest forest-savanna transition","No"
"42","Cedar Creek",45.417,-93.167,NA,0.229166667,48,"APR-MAY",5.958348074,1681.630572,"Upper Midwest forest-savanna transition","No"
"43","Cedar Creek",45.417,-93.167,NA,0.043478261,23,"APR-MAY",NA,365.3333325,"Upper Midwest forest-savanna transition","No"
"44","Cedar Creek",45.417,-93.167,NA,0.1,10,"APR-MAY",NA,1186.148619,"Upper Midwest forest-savanna transition","No"
"45","Cedar Creek",45.417,-93.167,NA,0.785714286,14,"APR-MAY",NA,82.66666646,"Upper Midwest forest-savanna transition","No"
"46","Cedar Creek",45.417,-93.167,NA,0.1,10,"APR-MAY",NA,2359.082801,"Upper Midwest forest-savanna transition","No"
"47","Cedar Creek",45.417,-93.167,NA,0.785714286,14,"APR-MAY",NA,69.33333316,"Upper Midwest forest-savanna transition","No"
"48","ChimneySpring",35.271793,-111.708191,NA,0.25,28,"NOV",39.87,706.7,"Arizona Mountains forests","No"
"49","ChimneySpring",35.271793,-111.708191,NA,0.1,30,"NOV",37.08,672.1,"Arizona Mountains forests","No"
"50","ChimneySpring",35.271793,-111.708191,NA,0.1,30,"NOV",41.26,711.64,"Arizona Mountains forests","No"
"51","ChimneySpring",35.271793,-111.708191,NA,0.25,28,"NOV",32.38,741.29,"Arizona Mountains forests","No"
"52","ChimneySpring",35.271793,-111.708191,NA,0,99,"CONT",47.12,1818.63,"Arizona Mountains forests","No"
"53","ChimneySpring",35.271793,-111.708191,NA,0.166666667,30,"NOV",32.24,884.61,"Arizona Mountains forests","No"
"54","ChimneySpring",35.271793,-111.708191,NA,0,99,"CONT",45.72,3202.37,"Arizona Mountains forests","No"
"55","ChimneySpring",35.271793,-111.708191,NA,0.125,24,"NOV",41.87,800.59,"Arizona Mountains forests","No"
"56","ChimneySpring",35.271793,-111.708191,NA,0.125,24,"NOV",37.05,1334.32,"Arizona Mountains forests","No"
"57","ChimneySpring",35.271793,-111.708191,NA,0,99,"CONT",48.02,3143.07,"Arizona Mountains forests","No"
"58","ChimneySpring",35.271793,-111.708191,NA,1,31,"NOV",51.22,1354.09,"Arizona Mountains forests","No"
"59","ChimneySpring",35.271793,-111.708191,NA,1,31,"NOV",45.92,1512.23,"Arizona Mountains forests","No"
"60","ChimneySpring",35.271793,-111.708191,NA,0.166666667,30,"NOV",41.94,1551.77,"Arizona Mountains forests","No"
"61","ChimneySpring",35.271793,-111.708191,NA,0.5,30,"NOV",37.63,1428.22,"Arizona Mountains forests","No"
"62","ChimneySpring",35.271793,-111.708191,NA,0.125,24,"NOV",36.43,2021.25,"Arizona Mountains forests","No"
"63","ChimneySpring",35.271793,-111.708191,NA,1,31,"NOV",34.92,583.15,"Arizona Mountains forests","No"
"64","ChimneySpring",35.271793,-111.708191,NA,0.5,30,"NOV",44.71,1398.57,"Arizona Mountains forests","No"
"65","ChimneySpring",35.271793,-111.708191,NA,0.1,30,"NOV",40.1,1111.93,"Arizona Mountains forests","No"
"66","ChimneySpring",35.271793,-111.708191,NA,0.166666667,30,"NOV",38.53,1225.6,"Arizona Mountains forests","No"
"67","ChimneySpring",35.271793,-111.708191,NA,0.5,30,"NOV",29.91,780.83,"Arizona Mountains forests","No"
"68","ChimneySpring",35.271793,-111.708191,NA,0.25,28,"NOV",26.88,509.02,"Arizona Mountains forests","No"
"69","DryPeachester",35.271793,-111.708191,NA,0.447368421,25,"JUN - SEP",36.86,222.6,"Arizona Mountains forests","No"
"70","DryPeachester",35.271793,-111.708191,NA,0.447368421,25,"JUN - SEP",19.95,247.3,"Arizona Mountains forests","No"
"71","DryPeachester",35.271793,-111.708191,NA,0.210526316,25,"JUN - SEP",36.45,210.2,"Arizona Mountains forests","No"
"72","DryPeachester",35.271793,-111.708191,NA,0.210526316,25,"JUN - SEP",26.8,98.9,"Arizona Mountains forests","No"
"73","DryPeachester",35.271793,-111.708191,NA,0,25,"CONT",32.1,296.7,"Arizona Mountains forests","No"
"74","DryPeachester",35.271793,-111.708191,NA,0,25,"CONT",47.34,519.3,"Arizona Mountains forests","No"
"75","Escambia",30.202,-82.442,NA,0,34,"JULAUG",23.07288259,988.4206521,"Southeastern conifer forests","Yes"
"76","Escambia",30.202,-82.442,NA,0.5,22,"JANFEB",22.15070853,617.7629075,"Southeastern conifer forests","Yes"
"77","Escambia",30.202,-82.442,NA,0.5,22,"JULAUG",22.57992953,1037.841685,"Southeastern conifer forests","Yes"
"78","Escambia",30.202,-82.442,NA,0.5,23,"JULAUG",25.08664028,988.4206521,"Southeastern conifer forests","Yes"
"79","Escambia",30.202,-82.442,NA,0,34,"JULAUG",27.2317436,1581.473043,"Southeastern conifer forests","Yes"
"80","Escambia",30.202,-82.442,NA,0.5,22,"JANFEB",19.00817974,568.3418749,"Southeastern conifer forests","Yes"
"81","Escambia",30.202,-82.442,NA,0.5,22,"JULAUG",22.38046948,938.9996195,"Southeastern conifer forests","Yes"
"82","Escambia",30.202,-82.442,NA,0.5,23,"JULAUG",26.79901671,840.1575543,"Southeastern conifer forests","Yes"
"83","Escambia",30.202,-82.442,NA,0,34,"JULAUG",30.14012908,2125.104402,"Southeastern conifer forests","Yes"
"84","Escambia",30.202,-82.442,NA,0.5,22,"JANFEB",22.49428567,543.6313586,"Southeastern conifer forests","Yes"
"85","Escambia",30.202,-82.442,NA,0.5,23,"JULAUG",24.57427962,840.1575543,"Southeastern conifer forests","Yes"
"86","Escambia",30.202,-82.442,NA,0.5,22,"JULAUG",22.02349484,864.8680706,"Southeastern conifer forests","Yes"
"87","HighlandRim",35.3,-86.133,NA,1,53,"FEB-APR",4.4995328,NA,"Central U.S. hardwood forests","No"
"88","HighlandRim",35.3,-86.133,NA,1,53,"FEB-APR",4.935712,NA,"Central U.S. hardwood forests","No"
"89","HighlandRim",35.3,-86.133,NA,1,53,"FEB-APR",3.0762112,NA,"Central U.S. hardwood forests","No"
"90","HighlandRim",35.3,-86.133,NA,0.2,53,"FEB-APR",2.6170752,NA,"Central U.S. hardwood forests","No"
"91","HighlandRim",35.3,-86.133,NA,0.2,53,"FEB-APR",3.4894336,NA,"Central U.S. hardwood forests","No"
"92","HighlandRim",35.3,-86.133,NA,0.2,53,"FEB-APR",3.7190016,NA,"Central U.S. hardwood forests","No"
"93","HighlandRim",35.3,-86.133,NA,0,53,"CONT",17.906304,NA,"Central U.S. hardwood forests","No"
"94","HighlandRim",35.3,-86.133,NA,0,53,"CONT",16.06976,NA,"Central U.S. hardwood forests","No"
"95","HighlandRim",35.3,-86.133,NA,0,53,"CONT",19.283712,NA,"Central U.S. hardwood forests","No"
"96","Hitchiti",34.766,-84.1435,NA,0.555555556,18,"DEC-MAR",27.14153179,308.8818354,"Appalachian-Blue Ridge forests","No"
"97","Hitchiti",34.766,-84.1435,NA,0.388888889,18,"DEC-MAR",46.68084659,525.0991202,"Appalachian-Blue Ridge forests","No"
"98","Hitchiti",34.766,-84.1435,NA,0,18,"CONT",34.99986684,345.9476557,"Appalachian-Blue Ridge forests","No"
"99","Hitchiti",34.766,-84.1435,NA,0,18,"CONT",31.52299088,488.0332999,"Appalachian-Blue Ridge forests","No"
"100","Hitchiti",34.766,-84.1435,NA,0.388888889,18,"DEC-MAR",37.85037736,469.5003898,"Appalachian-Blue Ridge forests","No"
"101","Hitchiti",34.766,-84.1435,NA,0.388888889,18,"DEC-MAR",28.28983712,407.7240228,"Appalachian-Blue Ridge forests","No"
"102","Hitchiti",34.766,-84.1435,NA,0.555555556,18,"DEC-MAR",35.86034457,488.0333,"Appalachian-Blue Ridge forests","No"
"103","Hitchiti",34.766,-84.1435,NA,0.388888889,18,"DEC-MAR",25.26274851,315.0594721,"Appalachian-Blue Ridge forests","No"
"104","Hitchiti",34.766,-84.1435,NA,0.388888889,18,"DEC-MAR",24.83697027,426.2569329,"Appalachian-Blue Ridge forests","No"
"105","Hitchiti",34.766,-84.1435,NA,0,18,"CONT",19.94612365,315.0594721,"Appalachian-Blue Ridge forests","No"
"106","Hitchiti",34.766,-84.1435,NA,0.555555556,18,"DEC-MAR",35.0615643,450.9674797,"Appalachian-Blue Ridge forests","No"
"107","Hitchiti",34.766,-84.1435,NA,0.388888889,18,"DEC-MAR",32.950766,345.9476556,"Appalachian-Blue Ridge forests","No"
"108","Hitchiti",34.766,-84.1435,NA,0,18,"CONT",32.34987047,467.4411776,"Appalachian-Blue Ridge forests","No"
"109","Hitchiti",34.766,-84.1435,NA,0.555555556,18,"DEC-MAR",35.8165522,457.1451164,"Appalachian-Blue Ridge forests","No"
"110","Hitchiti",34.766,-84.1435,NA,0.388888889,18,"DEC-MAR",36.45856895,636.2965809,"Appalachian-Blue Ridge forests","No"
"111","Hitchiti",34.766,-84.1435,NA,0.388888889,18,"DEC-MAR",38.18738137,549.809667,"Appalachian-Blue Ridge forests","No"
"112","Hitchiti",34.766,-84.1435,NA,0.176470588,17,"JUN",NA,376.8358392,"Appalachian-Blue Ridge forests","No"
"113","Hitchiti",34.766,-84.1435,NA,0.176470588,17,"JUN",NA,265.6383784,"Appalachian-Blue Ridge forests","No"
"114","Hitchiti",34.766,-84.1435,NA,0.176470588,17,"JUN",NA,494.2109366,"Appalachian-Blue Ridge forests","No"
"115","Hitchiti",34.766,-84.1435,NA,0.352941176,17,"JUN",NA,432.4345695,"Appalachian-Blue Ridge forests","No"
"116","Hitchiti",34.766,-84.1435,NA,0.352941176,17,"JUN",NA,315.0594721,"Appalachian-Blue Ridge forests","No"
"117","Hitchiti",34.766,-84.1435,NA,0.176470588,17,"JUN",NA,450.9674797,"Appalachian-Blue Ridge forests","No"
"118","Hitchiti",34.766,-84.1435,NA,0.352941176,17,"JUN",NA,574.5202139,"Appalachian-Blue Ridge forests","No"
"119","Hitchiti",34.766,-84.1435,NA,0.352941176,17,"JUN",NA,469.5003899,"Appalachian-Blue Ridge forests","No"
"120","IBGE",-15.95,-47.88,NA,0.33,50,"SEPT",3.513162667,NA,"Cerrado","Yes"
"121","IBGE",-15.95,-47.88,NA,0.2166,50,"SEPT",23.91965633,NA,"Cerrado","Yes"
"122","IBGE",-15.95,-47.88,NA,0.4,50,"SEPT",16.70391533,NA,"Cerrado","Yes"
"123","IBGE",-15.95,-47.88,NA,0.33,50,"SEPT",4.945425667,NA,"Cerrado","Yes"
"124","IBGE",-15.95,-47.88,NA,0.016,50,"SEPT",30.6588685,NA,"Cerrado","Yes"
"125","IBGE",-15.95,-47.88,NA,0.216,50,"SEPT",23.29216267,NA,"Cerrado","Yes"
"126","IBGE",-15.95,-47.88,NA,0,50,"SEPT",64.650299,NA,"Cerrado","Yes"
"127","KingsCanyon",36.78514,-118.673861,NA,0,32,"CON",43.712983,43.712983,"Sierra Nevada forests","No"
"128","KingsCanyon",36.78514,-118.673861,NA,0.1,35,"Spring",32.21161,32.21161,"Sierra Nevada forests","No"
"129","KingsCanyon",36.78514,-118.673861,NA,0,30,"CON",19.559776,19.559776,"Sierra Nevada forests","No"
"130","KingsCanyon",36.78514,-118.673861,NA,0.14,22,"Spring",19.976161,19.976161,"Sierra Nevada forests","No"
"131","KingsCanyon",36.78514,-118.673861,NA,0.09,37,"Spring",0.000503,NA,"Sierra Nevada forests","No"
"132","Kisatchia",31.001006,-92.625561,NA,0,37,"CONT",28.98009831,445.5445545,"Piney Woods forests","No"
"133","Kisatchia",31.001006,-92.625561,NA,0.527027027,37,"JULY",NA,24.75247525,"Piney Woods forests","No"
"134","Kisatchia",31.001006,-92.625561,NA,0.527027027,37,"MARCH",11.89260285,297.029703,"Piney Woods forests","No"
"135","Kisatchia",31.001006,-92.625561,NA,0.527027027,37,"MAY",NA,519.8019802,"Piney Woods forests","No"
"136","Kisatchia",31.001006,-92.625561,NA,0,37,"CONT",28.83849582,643.5643564,"Piney Woods forests","No"
"137","Kisatchia",31.001006,-92.625561,NA,0.527027027,37,"JULY",NA,371.2871287,"Piney Woods forests","No"
"138","Kisatchia",31.001006,-92.625561,NA,0.527027027,37,"MARCH",21.98074591,445.5445545,"Piney Woods forests","No"
"139","Kisatchia",31.001006,-92.625561,NA,0.527027027,37,"MAY",NA,495.049505,"Piney Woods forests","No"
"140","Kisatchia",31.001006,-92.625561,NA,0,37,"CONT",28.77565893,618.8118812,"Piney Woods forests","No"
"141","Kisatchia",31.001006,-92.625561,NA,0.527027027,37,"JULY",NA,297.029703,"Piney Woods forests","No"
"142","Kisatchia",31.001006,-92.625561,NA,0.527027027,37,"MARCH",28.34821756,767.3267327,"Piney Woods forests","No"
"143","Kisatchia",31.001006,-92.625561,NA,0.527027027,37,"MAY",NA,519.8019802,"Piney Woods forests","No"
"144","Kisatchia",31.001006,-92.625561,NA,0,37,"CONT",20.64097811,594.059406,"Piney Woods forests","No"
"145","Kisatchia",31.001006,-92.625561,NA,0.527027027,37,"JULY",NA,173.2673267,"Piney Woods forests","No"
"146","Kisatchia",31.001006,-92.625561,NA,0.527027027,37,"MARCH",27.30520042,569.3069307,"Piney Woods forests","No"
"147","Kisatchia",31.001006,-92.625561,NA,0.527027027,37,"MAY",NA,396.039604,"Piney Woods forests","No"
"148","KrugerMopani",-23.442,31.38,NA,0,43,"CONT",1.84801685,211,"Zambezian and Mopane woodlands","Yes"
"149","KrugerMopani",-23.442,31.38,NA,0.1666667,43,"OCT",NA,122,"Zambezian and Mopane woodlands","Yes"
"150","KrugerMopani",-23.442,31.38,NA,0.25,43,"OCT",NA,137,"Zambezian and Mopane woodlands","Yes"
"151","KrugerMopani",-23.442,31.38,NA,0.3333333,43,"APR",NA,226,"Zambezian and Mopane woodlands","Yes"
"152","KrugerMopani",-23.442,31.38,NA,0.3333333,43,"AUG",1.305809455,160,"Zambezian and Mopane woodlands","Yes"
"153","KrugerMopani",-23.442,31.38,NA,0.3333333,43,"DEC",NA,294,"Zambezian and Mopane woodlands","Yes"
"154","KrugerMopani",-23.442,31.38,NA,0.3333333,43,"FEB",NA,64,"Zambezian and Mopane woodlands","Yes"
"155","KrugerMopani",-23.442,31.38,NA,0.3333333,43,"OCT",NA,215,"Zambezian and Mopane woodlands","Yes"
"156","KrugerMopani",-23.442,31.38,NA,0.5,43,"APR",NA,260,"Zambezian and Mopane woodlands","Yes"
"157","KrugerMopani",-23.442,31.38,NA,0.5,43,"AUG",0.90134695,221,"Zambezian and Mopane woodlands","Yes"
"158","KrugerMopani",-23.442,31.38,NA,0.5,43,"DEC",NA,206,"Zambezian and Mopane woodlands","Yes"
"159","KrugerMopani",-23.442,31.38,NA,0.5,43,"FEB",NA,135,"Zambezian and Mopane woodlands","Yes"
"160","KrugerMopani",-23.442,31.38,NA,0.5,43,"OCT",NA,179,"Zambezian and Mopane woodlands","Yes"
"161","KrugerMopani",-23.442,31.38,NA,1,43,"AUG",0.96037321,360,"Zambezian and Mopane woodlands","Yes"
"162","KrugerMopani",-23.442,31.38,NA,0,43,"CONT",2.797706995,192,"Zambezian and Mopane woodlands","Yes"
"163","KrugerMopani",-23.442,31.38,NA,0.1666667,43,"OCT",NA,70,"Zambezian and Mopane woodlands","Yes"
"164","KrugerMopani",-23.442,31.38,NA,0.25,43,"OCT",NA,98,"Zambezian and Mopane woodlands","Yes"
"165","KrugerMopani",-23.442,31.38,NA,0.3333333,43,"APR",NA,204,"Zambezian and Mopane woodlands","Yes"
"166","KrugerMopani",-23.442,31.38,NA,0.3333333,43,"AUG",1.19227165,128,"Zambezian and Mopane woodlands","Yes"
"167","KrugerMopani",-23.442,31.38,NA,0.3333333,43,"DEC",NA,251,"Zambezian and Mopane woodlands","Yes"
"168","KrugerMopani",-23.442,31.38,NA,0.3333333,43,"FEB",NA,99,"Zambezian and Mopane woodlands","Yes"
"169","KrugerMopani",-23.442,31.38,NA,0.3333333,43,"OCT",NA,300,"Zambezian and Mopane woodlands","Yes"
"170","KrugerMopani",-23.442,31.38,NA,0.5,43,"APR",NA,309,"Zambezian and Mopane woodlands","Yes"
"171","KrugerMopani",-23.442,31.38,NA,0.5,43,"AUG",1.08404317,257,"Zambezian and Mopane woodlands","Yes"
"172","KrugerMopani",-23.442,31.38,NA,0.5,43,"DEC",NA,259,"Zambezian and Mopane woodlands","Yes"
"173","KrugerMopani",-23.442,31.38,NA,0.5,43,"FEB",NA,45,"Zambezian and Mopane woodlands","Yes"
"174","KrugerMopani",-23.442,31.38,NA,0.5,43,"OCT",NA,199,"Zambezian and Mopane woodlands","Yes"
"175","KrugerMopani",-23.442,31.38,NA,1,43,"AUG",1.50937138,349,"Zambezian and Mopane woodlands","Yes"
"176","KrugerMopani",-23.442,31.38,NA,0,43,"CONT",1.04483043,97,"Zambezian and Mopane woodlands","Yes"
"177","KrugerMopani",-23.442,31.38,NA,0.1666667,43,"OCT",NA,13,"Zambezian and Mopane woodlands","Yes"
"178","KrugerMopani",-23.442,31.38,NA,0.25,43,"OCT",NA,89,"Zambezian and Mopane woodlands","Yes"
"179","KrugerMopani",-23.442,31.38,NA,0.3333333,43,"APR",NA,152,"Zambezian and Mopane woodlands","Yes"
"180","KrugerMopani",-23.442,31.38,NA,0.3333333,43,"AUG",1.84771653,133,"Zambezian and Mopane woodlands","Yes"
"181","KrugerMopani",-23.442,31.38,NA,0.3333333,43,"DEC",NA,114,"Zambezian and Mopane woodlands","Yes"
"182","KrugerMopani",-23.442,31.38,NA,0.3333333,43,"FEB",NA,41,"Zambezian and Mopane woodlands","Yes"
"183","KrugerMopani",-23.442,31.38,NA,0.3333333,43,"OCT",NA,251,"Zambezian and Mopane woodlands","Yes"
"184","KrugerMopani",-23.442,31.38,NA,0.5,43,"APR",NA,62,"Zambezian and Mopane woodlands","Yes"
"185","KrugerMopani",-23.442,31.38,NA,0.5,43,"AUG",0.69065745,166,"Zambezian and Mopane woodlands","Yes"
"186","KrugerMopani",-23.442,31.38,NA,0.5,43,"DEC",NA,137,"Zambezian and Mopane woodlands","Yes"
"187","KrugerMopani",-23.442,31.38,NA,0.5,43,"FEB",NA,66,"Zambezian and Mopane woodlands","Yes"
"188","KrugerMopani",-23.442,31.38,NA,0.5,43,"OCT",NA,74,"Zambezian and Mopane woodlands","Yes"
"189","KrugerMopani",-23.442,31.38,NA,1,43,"AUG",0.46137103,63,"Zambezian and Mopane woodlands","Yes"
"190","KrugerMopani",-23.442,31.38,NA,0,43,"CONT",2.04083133,214,"Zambezian and Mopane woodlands","Yes"
"191","KrugerMopani",-23.442,31.38,NA,0.1666667,43,"OCT",NA,124,"Zambezian and Mopane woodlands","Yes"
"192","KrugerMopani",-23.442,31.38,NA,0.25,43,"OCT",NA,116,"Zambezian and Mopane woodlands","Yes"
"193","KrugerMopani",-23.442,31.38,NA,0.3333333,43,"APR",NA,233,"Zambezian and Mopane woodlands","Yes"
"194","KrugerMopani",-23.442,31.38,NA,0.3333333,43,"AUG",1.368577985,299,"Zambezian and Mopane woodlands","Yes"
"195","KrugerMopani",-23.442,31.38,NA,0.3333333,43,"DEC",NA,317,"Zambezian and Mopane woodlands","Yes"
"196","KrugerMopani",-23.442,31.38,NA,0.3333333,43,"FEB",NA,135,"Zambezian and Mopane woodlands","Yes"
"197","KrugerMopani",-23.442,31.38,NA,0.3333333,43,"OCT",NA,214,"Zambezian and Mopane woodlands","Yes"
"198","KrugerMopani",-23.442,31.38,NA,0.5,43,"APR",NA,132,"Zambezian and Mopane woodlands","Yes"
"199","KrugerMopani",-23.442,31.38,NA,0.5,43,"AUG",0.937525275,159,"Zambezian and Mopane woodlands","Yes"
"200","KrugerMopani",-23.442,31.38,NA,0.5,43,"DEC",NA,298,"Zambezian and Mopane woodlands","Yes"
"201","KrugerMopani",-23.442,31.38,NA,0.5,43,"FEB",NA,138,"Zambezian and Mopane woodlands","Yes"
"202","KrugerMopani",-23.442,31.38,NA,0.5,43,"OCT",NA,246,"Zambezian and Mopane woodlands","Yes"
"203","KrugerMopani",-23.442,31.38,NA,1,43,"AUG",0.9041089,239,"Zambezian and Mopane woodlands","Yes"
"204","KrugerPretoriuskop",-25.117,31.236,NA,0,43,"CONT",8.049523965,1153,"Zambezian and Mopane woodlands","Yes"
"205","KrugerPretoriuskop",-25.117,31.236,NA,0.3333333,43,"APR",NA,805,"Zambezian and Mopane woodlands","Yes"
"206","KrugerPretoriuskop",-25.117,31.236,NA,0.3333333,43,"AUG",7.328269735,723,"Zambezian and Mopane woodlands","Yes"
"207","KrugerPretoriuskop",-25.117,31.236,NA,0.3333333,43,"DEC",NA,814,"Zambezian and Mopane woodlands","Yes"
"208","KrugerPretoriuskop",-25.117,31.236,NA,0.3333333,43,"FEB",NA,775,"Zambezian and Mopane woodlands","Yes"
"209","KrugerPretoriuskop",-25.117,31.236,NA,0.3333333,43,"OCT",NA,493,"Zambezian and Mopane woodlands","Yes"
"210","KrugerPretoriuskop",-25.117,31.236,NA,0.5,43,"APR",NA,792,"Zambezian and Mopane woodlands","Yes"
"211","KrugerPretoriuskop",-25.117,31.236,NA,0.5,43,"AUG",6.140126355,825,"Zambezian and Mopane woodlands","Yes"
"212","KrugerPretoriuskop",-25.117,31.236,NA,0.5,43,"DEC",NA,935,"Zambezian and Mopane woodlands","Yes"
"213","KrugerPretoriuskop",-25.117,31.236,NA,0.5,43,"FEB",NA,758,"Zambezian and Mopane woodlands","Yes"
"214","KrugerPretoriuskop",-25.117,31.236,NA,0.5,43,"OCT",NA,774,"Zambezian and Mopane woodlands","Yes"
"215","KrugerPretoriuskop",-25.117,31.236,NA,1,43,"AUG",2.868189815,695,"Zambezian and Mopane woodlands","Yes"
"216","KrugerPretoriuskop",-25.117,31.236,NA,0,43,"CONT",5.499328675,601,"Zambezian and Mopane woodlands","Yes"
"217","KrugerPretoriuskop",-25.117,31.236,NA,0.3333333,43,"APR",NA,751,"Zambezian and Mopane woodlands","Yes"
"218","KrugerPretoriuskop",-25.117,31.236,NA,0.3333333,43,"AUG",8.811079105,891,"Zambezian and Mopane woodlands","Yes"
"219","KrugerPretoriuskop",-25.117,31.236,NA,0.3333333,43,"DEC",NA,843,"Zambezian and Mopane woodlands","Yes"
"220","KrugerPretoriuskop",-25.117,31.236,NA,0.3333333,43,"FEB",NA,762,"Zambezian and Mopane woodlands","Yes"
"221","KrugerPretoriuskop",-25.117,31.236,NA,0.3333333,43,"OCT",NA,716,"Zambezian and Mopane woodlands","Yes"
"222","KrugerPretoriuskop",-25.117,31.236,NA,0.5,43,"APR",NA,752,"Zambezian and Mopane woodlands","Yes"
"223","KrugerPretoriuskop",-25.117,31.236,NA,0.5,43,"AUG",7.877503695,678,"Zambezian and Mopane woodlands","Yes"
"224","KrugerPretoriuskop",-25.117,31.236,NA,0.5,43,"DEC",NA,713,"Zambezian and Mopane woodlands","Yes"
"225","KrugerPretoriuskop",-25.117,31.236,NA,0.5,43,"FEB",NA,1269,"Zambezian and Mopane woodlands","Yes"
"226","KrugerPretoriuskop",-25.117,31.236,NA,0.5,43,"OCT",NA,327,"Zambezian and Mopane woodlands","Yes"
"227","KrugerPretoriuskop",-25.117,31.236,NA,1,43,"AUG",5.478777815,823,"Zambezian and Mopane woodlands","Yes"
"228","KrugerPretoriuskop",-25.117,31.236,NA,0,43,"CONT",10.93820722,1715,"Zambezian and Mopane woodlands","Yes"
"229","KrugerPretoriuskop",-25.117,31.236,NA,0.3333333,43,"APR",NA,908,"Zambezian and Mopane woodlands","Yes"
"230","KrugerPretoriuskop",-25.117,31.236,NA,0.3333333,43,"AUG",1.44042039,450,"Zambezian and Mopane woodlands","Yes"
"231","KrugerPretoriuskop",-25.117,31.236,NA,0.3333333,43,"DEC",NA,422,"Zambezian and Mopane woodlands","Yes"
"232","KrugerPretoriuskop",-25.117,31.236,NA,0.3333333,43,"FEB",NA,702,"Zambezian and Mopane woodlands","Yes"
"233","KrugerPretoriuskop",-25.117,31.236,NA,0.3333333,43,"OCT",NA,801,"Zambezian and Mopane woodlands","Yes"
"234","KrugerPretoriuskop",-25.117,31.236,NA,0.5,43,"APR",NA,667,"Zambezian and Mopane woodlands","Yes"
"235","KrugerPretoriuskop",-25.117,31.236,NA,0.5,43,"AUG",2.28363519,723,"Zambezian and Mopane woodlands","Yes"
"236","KrugerPretoriuskop",-25.117,31.236,NA,0.5,43,"DEC",NA,624,"Zambezian and Mopane woodlands","Yes"
"237","KrugerPretoriuskop",-25.117,31.236,NA,0.5,43,"FEB",NA,408,"Zambezian and Mopane woodlands","Yes"
"238","KrugerPretoriuskop",-25.117,31.236,NA,0.5,43,"OCT",NA,470,"Zambezian and Mopane woodlands","Yes"
"239","KrugerPretoriuskop",-25.117,31.236,NA,1,43,"AUG",1.56349625,888,"Zambezian and Mopane woodlands","Yes"
"240","KrugerPretoriuskop",-25.117,31.236,NA,0,43,"CONT",7.57940181,736,"Zambezian and Mopane woodlands","Yes"
"241","KrugerPretoriuskop",-25.117,31.236,NA,0.3333333,43,"APR",NA,541,"Zambezian and Mopane woodlands","Yes"
"242","KrugerPretoriuskop",-25.117,31.236,NA,0.3333333,43,"AUG",3.780384745,432,"Zambezian and Mopane woodlands","Yes"
"243","KrugerPretoriuskop",-25.117,31.236,NA,0.3333333,43,"DEC",NA,277,"Zambezian and Mopane woodlands","Yes"
"244","KrugerPretoriuskop",-25.117,31.236,NA,0.3333333,43,"FEB",NA,475,"Zambezian and Mopane woodlands","Yes"
"245","KrugerPretoriuskop",-25.117,31.236,NA,0.3333333,43,"OCT",NA,385,"Zambezian and Mopane woodlands","Yes"
"246","KrugerPretoriuskop",-25.117,31.236,NA,0.5,43,"APR",NA,306,"Zambezian and Mopane woodlands","Yes"
"247","KrugerPretoriuskop",-25.117,31.236,NA,0.5,43,"AUG",2.978671695,358,"Zambezian and Mopane woodlands","Yes"
"248","KrugerPretoriuskop",-25.117,31.236,NA,0.5,43,"DEC",NA,866,"Zambezian and Mopane woodlands","Yes"
"249","KrugerPretoriuskop",-25.117,31.236,NA,0.5,43,"FEB",NA,1399,"Zambezian and Mopane woodlands","Yes"
"250","KrugerPretoriuskop",-25.117,31.236,NA,0.5,43,"OCT",NA,1043,"Zambezian and Mopane woodlands","Yes"
"251","KrugerPretoriuskop",-25.117,31.236,NA,1,43,"AUG",2.379605835,556,"Zambezian and Mopane woodlands","Yes"
"252","KrugerSatara",-24.401,31.746,NA,0,43,"CONT",1.718007385,143,"Zambezian and Mopane woodlands","Yes"
"253","KrugerSatara",-24.401,31.746,NA,0.1666667,43,"OCT",NA,103,"Zambezian and Mopane woodlands","Yes"
"254","KrugerSatara",-24.401,31.746,NA,0.25,43,"OCT",NA,106,"Zambezian and Mopane woodlands","Yes"
"255","KrugerSatara",-24.401,31.746,NA,0.3333333,43,"APR",NA,197,"Zambezian and Mopane woodlands","Yes"
"256","KrugerSatara",-24.401,31.746,NA,0.3333333,43,"AUG",1.38396849,297,"Zambezian and Mopane woodlands","Yes"
"257","KrugerSatara",-24.401,31.746,NA,0.3333333,43,"DEC",NA,175,"Zambezian and Mopane woodlands","Yes"
"258","KrugerSatara",-24.401,31.746,NA,0.3333333,43,"FEB",NA,113,"Zambezian and Mopane woodlands","Yes"
"259","KrugerSatara",-24.401,31.746,NA,0.3333333,43,"OCT",NA,277,"Zambezian and Mopane woodlands","Yes"
"260","KrugerSatara",-24.401,31.746,NA,0.5,43,"APR",NA,260,"Zambezian and Mopane woodlands","Yes"
"261","KrugerSatara",-24.401,31.746,NA,0.5,43,"AUG",1.3986909,165,"Zambezian and Mopane woodlands","Yes"
"262","KrugerSatara",-24.401,31.746,NA,0.5,43,"DEC",NA,267,"Zambezian and Mopane woodlands","Yes"
"263","KrugerSatara",-24.401,31.746,NA,0.5,43,"FEB",NA,73,"Zambezian and Mopane woodlands","Yes"
"264","KrugerSatara",-24.401,31.746,NA,0.5,43,"OCT",NA,264,"Zambezian and Mopane woodlands","Yes"
"265","KrugerSatara",-24.401,31.746,NA,1,43,"AUG",0.82693406,242,"Zambezian and Mopane woodlands","Yes"
"266","KrugerSatara",-24.401,31.746,NA,0,43,"CONT",4.438513855,244,"Zambezian and Mopane woodlands","Yes"
"267","KrugerSatara",-24.401,31.746,NA,0.1666667,43,"OCT",NA,61,"Zambezian and Mopane woodlands","Yes"
"268","KrugerSatara",-24.401,31.746,NA,0.25,43,"OCT",NA,41,"Zambezian and Mopane woodlands","Yes"
"269","KrugerSatara",-24.401,31.746,NA,0.3333333,43,"APR",NA,353,"Zambezian and Mopane woodlands","Yes"
"270","KrugerSatara",-24.401,31.746,NA,0.3333333,43,"AUG",0.58596679,283,"Zambezian and Mopane woodlands","Yes"
"271","KrugerSatara",-24.401,31.746,NA,0.3333333,43,"DEC",NA,336,"Zambezian and Mopane woodlands","Yes"
"272","KrugerSatara",-24.401,31.746,NA,0.3333333,43,"FEB",NA,123,"Zambezian and Mopane woodlands","Yes"
"273","KrugerSatara",-24.401,31.746,NA,0.3333333,43,"OCT",NA,281,"Zambezian and Mopane woodlands","Yes"
"274","KrugerSatara",-24.401,31.746,NA,0.5,43,"APR",NA,126,"Zambezian and Mopane woodlands","Yes"
"275","KrugerSatara",-24.401,31.746,NA,0.5,43,"AUG",0.243638395,52,"Zambezian and Mopane woodlands","Yes"
"276","KrugerSatara",-24.401,31.746,NA,0.5,43,"DEC",NA,131,"Zambezian and Mopane woodlands","Yes"
"277","KrugerSatara",-24.401,31.746,NA,0.5,43,"FEB",NA,41,"Zambezian and Mopane woodlands","Yes"
"278","KrugerSatara",-24.401,31.746,NA,0.5,43,"OCT",NA,204,"Zambezian and Mopane woodlands","Yes"
"279","KrugerSatara",-24.401,31.746,NA,1,43,"AUG",0.84037322,101,"Zambezian and Mopane woodlands","Yes"
"280","KrugerSatara",-24.401,31.746,NA,0,43,"CONT",7.09495241,179,"Zambezian and Mopane woodlands","Yes"
"281","KrugerSatara",-24.401,31.746,NA,0.1666667,43,"OCT",NA,33,"Zambezian and Mopane woodlands","Yes"
"282","KrugerSatara",-24.401,31.746,NA,0.25,43,"OCT",NA,141,"Zambezian and Mopane woodlands","Yes"
"283","KrugerSatara",-24.401,31.746,NA,0.3333333,43,"APR",NA,155,"Zambezian and Mopane woodlands","Yes"
"284","KrugerSatara",-24.401,31.746,NA,0.3333333,43,"AUG",0.52474013,122,"Zambezian and Mopane woodlands","Yes"
"285","KrugerSatara",-24.401,31.746,NA,0.3333333,43,"DEC",NA,286,"Zambezian and Mopane woodlands","Yes"
"286","KrugerSatara",-24.401,31.746,NA,0.3333333,43,"FEB",NA,86,"Zambezian and Mopane woodlands","Yes"
"287","KrugerSatara",-24.401,31.746,NA,0.3333333,43,"OCT",NA,191,"Zambezian and Mopane woodlands","Yes"
"288","KrugerSatara",-24.401,31.746,NA,0.5,43,"APR",NA,442,"Zambezian and Mopane woodlands","Yes"
"289","KrugerSatara",-24.401,31.746,NA,0.5,43,"AUG",1.29667283,215,"Zambezian and Mopane woodlands","Yes"
"290","KrugerSatara",-24.401,31.746,NA,0.5,43,"DEC",NA,180,"Zambezian and Mopane woodlands","Yes"
"291","KrugerSatara",-24.401,31.746,NA,0.5,43,"FEB",NA,192,"Zambezian and Mopane woodlands","Yes"
"292","KrugerSatara",-24.401,31.746,NA,0.5,43,"OCT",NA,174,"Zambezian and Mopane woodlands","Yes"
"293","KrugerSatara",-24.401,31.746,NA,1,43,"AUG",0.333125355,290,"Zambezian and Mopane woodlands","Yes"
"294","KrugerSatara",-24.401,31.746,NA,0,43,"CONT",3.741267745,209,"Zambezian and Mopane woodlands","Yes"
"295","KrugerSatara",-24.401,31.746,NA,0.1666667,43,"OCT",NA,85,"Zambezian and Mopane woodlands","Yes"
"296","KrugerSatara",-24.401,31.746,NA,0.25,43,"OCT",NA,104,"Zambezian and Mopane woodlands","Yes"
"297","KrugerSatara",-24.401,31.746,NA,0.3333333,43,"APR",NA,171,"Zambezian and Mopane woodlands","Yes"
"298","KrugerSatara",-24.401,31.746,NA,0.3333333,43,"AUG",2.653307275,313,"Zambezian and Mopane woodlands","Yes"
"299","KrugerSatara",-24.401,31.746,NA,0.3333333,43,"DEC",NA,148,"Zambezian and Mopane woodlands","Yes"
"300","KrugerSatara",-24.401,31.746,NA,0.3333333,43,"FEB",NA,29,"Zambezian and Mopane woodlands","Yes"
"301","KrugerSatara",-24.401,31.746,NA,0.3333333,43,"OCT",NA,172,"Zambezian and Mopane woodlands","Yes"
"302","KrugerSatara",-24.401,31.746,NA,0.5,43,"APR",NA,100,"Zambezian and Mopane woodlands","Yes"
"303","KrugerSatara",-24.401,31.746,NA,0.5,43,"AUG",1.241914885,73,"Zambezian and Mopane woodlands","Yes"
"304","KrugerSatara",-24.401,31.746,NA,0.5,43,"DEC",NA,114,"Zambezian and Mopane woodlands","Yes"
"305","KrugerSatara",-24.401,31.746,NA,0.5,43,"FEB",NA,77,"Zambezian and Mopane woodlands","Yes"
"306","KrugerSatara",-24.401,31.746,NA,0.5,43,"OCT",NA,158,"Zambezian and Mopane woodlands","Yes"
"307","KrugerSatara",-24.401,31.746,NA,1,43,"AUG",0.188875345,70,"Zambezian and Mopane woodlands","Yes"
"308","KrugerSkukuza",-25.086,31.385,NA,0,43,"CONT",4.74575607,345,"Zambezian and Mopane woodlands","Yes"
"309","KrugerSkukuza",-25.086,31.385,NA,0.3333333,43,"APR",NA,243,"Zambezian and Mopane woodlands","Yes"
"310","KrugerSkukuza",-25.086,31.385,NA,0.3333333,43,"AUG",2.69663292,235,"Zambezian and Mopane woodlands","Yes"
"311","KrugerSkukuza",-25.086,31.385,NA,0.3333333,43,"DEC",NA,103,"Zambezian and Mopane woodlands","Yes"
"312","KrugerSkukuza",-25.086,31.385,NA,0.3333333,43,"FEB",NA,188,"Zambezian and Mopane woodlands","Yes"
"313","KrugerSkukuza",-25.086,31.385,NA,0.3333333,43,"OCT",NA,231,"Zambezian and Mopane woodlands","Yes"
"314","KrugerSkukuza",-25.086,31.385,NA,0.5,43,"APR",NA,204,"Zambezian and Mopane woodlands","Yes"
"315","KrugerSkukuza",-25.086,31.385,NA,0.5,43,"AUG",0.7451903,183,"Zambezian and Mopane woodlands","Yes"
"316","KrugerSkukuza",-25.086,31.385,NA,0.5,43,"DEC",NA,294,"Zambezian and Mopane woodlands","Yes"
"317","KrugerSkukuza",-25.086,31.385,NA,0.5,43,"FEB",NA,295,"Zambezian and Mopane woodlands","Yes"
"318","KrugerSkukuza",-25.086,31.385,NA,0.5,43,"OCT",NA,451,"Zambezian and Mopane woodlands","Yes"
"319","KrugerSkukuza",-25.086,31.385,NA,1,43,"AUG",1.083499865,320,"Zambezian and Mopane woodlands","Yes"
"320","KrugerSkukuza",-25.086,31.385,NA,0,43,"CONT",2.62141568,336,"Zambezian and Mopane woodlands","Yes"
"321","KrugerSkukuza",-25.086,31.385,NA,0.3333333,43,"APR",NA,681,"Zambezian and Mopane woodlands","Yes"
"322","KrugerSkukuza",-25.086,31.385,NA,0.3333333,43,"AUG",3.98461221,688,"Zambezian and Mopane woodlands","Yes"
"323","KrugerSkukuza",-25.086,31.385,NA,0.3333333,43,"DEC",NA,343,"Zambezian and Mopane woodlands","Yes"
"324","KrugerSkukuza",-25.086,31.385,NA,0.3333333,43,"FEB",NA,184,"Zambezian and Mopane woodlands","Yes"
"325","KrugerSkukuza",-25.086,31.385,NA,0.3333333,43,"OCT",NA,368,"Zambezian and Mopane woodlands","Yes"
"326","KrugerSkukuza",-25.086,31.385,NA,0.5,43,"APR",NA,423,"Zambezian and Mopane woodlands","Yes"
"327","KrugerSkukuza",-25.086,31.385,NA,0.5,43,"AUG",2.99837149,738,"Zambezian and Mopane woodlands","Yes"
"328","KrugerSkukuza",-25.086,31.385,NA,0.5,43,"DEC",NA,214,"Zambezian and Mopane woodlands","Yes"
"329","KrugerSkukuza",-25.086,31.385,NA,0.5,43,"FEB",NA,257,"Zambezian and Mopane woodlands","Yes"
"330","KrugerSkukuza",-25.086,31.385,NA,0.5,43,"OCT",NA,566,"Zambezian and Mopane woodlands","Yes"
"331","KrugerSkukuza",-25.086,31.385,NA,1,43,"AUG",0.909958785,249,"Zambezian and Mopane woodlands","Yes"
"332","KrugerSkukuza",-25.086,31.385,NA,0,43,"CONT",3.08526389,212,"Zambezian and Mopane woodlands","Yes"
"333","KrugerSkukuza",-25.086,31.385,NA,0.3333333,43,"APR",NA,125,"Zambezian and Mopane woodlands","Yes"
"334","KrugerSkukuza",-25.086,31.385,NA,0.3333333,43,"AUG",2.25877661,327,"Zambezian and Mopane woodlands","Yes"
"335","KrugerSkukuza",-25.086,31.385,NA,0.3333333,43,"DEC",NA,103,"Zambezian and Mopane woodlands","Yes"
"336","KrugerSkukuza",-25.086,31.385,NA,0.3333333,43,"FEB",NA,111,"Zambezian and Mopane woodlands","Yes"
"337","KrugerSkukuza",-25.086,31.385,NA,0.3333333,43,"OCT",NA,161,"Zambezian and Mopane woodlands","Yes"
"338","KrugerSkukuza",-25.086,31.385,NA,0.5,43,"APR",NA,372,"Zambezian and Mopane woodlands","Yes"
"339","KrugerSkukuza",-25.086,31.385,NA,0.5,43,"AUG",1.68836141,190,"Zambezian and Mopane woodlands","Yes"
"340","KrugerSkukuza",-25.086,31.385,NA,0.5,43,"DEC",NA,384,"Zambezian and Mopane woodlands","Yes"
"341","KrugerSkukuza",-25.086,31.385,NA,0.5,43,"FEB",NA,332,"Zambezian and Mopane woodlands","Yes"
"342","KrugerSkukuza",-25.086,31.385,NA,0.5,43,"OCT",NA,253,"Zambezian and Mopane woodlands","Yes"
"343","KrugerSkukuza",-25.086,31.385,NA,1,43,"AUG",1.89823484,508,"Zambezian and Mopane woodlands","Yes"
"344","KrugerSkukuza",-25.086,31.385,NA,0,43,"CONT",2.719467895,253,"Zambezian and Mopane woodlands","Yes"
"345","KrugerSkukuza",-25.086,31.385,NA,0.3333333,43,"APR",NA,259,"Zambezian and Mopane woodlands","Yes"
"346","KrugerSkukuza",-25.086,31.385,NA,0.3333333,43,"AUG",2.64875604,183,"Zambezian and Mopane woodlands","Yes"
"347","KrugerSkukuza",-25.086,31.385,NA,0.3333333,43,"DEC",NA,208,"Zambezian and Mopane woodlands","Yes"
"348","KrugerSkukuza",-25.086,31.385,NA,0.3333333,43,"FEB",NA,194,"Zambezian and Mopane woodlands","Yes"
"349","KrugerSkukuza",-25.086,31.385,NA,0.3333333,43,"OCT",NA,358,"Zambezian and Mopane woodlands","Yes"
"350","KrugerSkukuza",-25.086,31.385,NA,0.5,43,"APR",NA,349,"Zambezian and Mopane woodlands","Yes"
"351","KrugerSkukuza",-25.086,31.385,NA,0.5,43,"AUG",1.199276975,231,"Zambezian and Mopane woodlands","Yes"
"352","KrugerSkukuza",-25.086,31.385,NA,0.5,43,"DEC",NA,277,"Zambezian and Mopane woodlands","Yes"
"353","KrugerSkukuza",-25.086,31.385,NA,0.5,43,"FEB",NA,188,"Zambezian and Mopane woodlands","Yes"
"354","KrugerSkukuza",-25.086,31.385,NA,0.5,43,"OCT",NA,179,"Zambezian and Mopane woodlands","Yes"
"355","KrugerSkukuza",-25.086,31.385,NA,1,43,"AUG",1.79934512,182,"Zambezian and Mopane woodlands","Yes"
"356","Lamto",6.22,-5.03,NA,1,36,"JAN",NA,58,"Eastern Guinean forests","No"
"357","Lamto",6.22,-5.03,NA,0.9166667,36,"JAN",NA,169,"Eastern Guinean forests","No"
"358","Lamto",6.22,-5.03,NA,0,36,"CONT",NA,366,"Eastern Guinean forests","No"
"359","Lamto",6.22,-5.03,NA,1,36,"JAN",NA,67,"Eastern Guinean forests","No"
"360","Lamto",6.22,-5.03,NA,0.9444444,36,"JAN",NA,91,"Eastern Guinean forests","No"
"361","Lamto",6.22,-5.03,NA,1,36,"JAN",NA,308,"Eastern Guinean forests","No"
"362","Lamto",6.22,-5.03,NA,0.05555556,36,"CONT",NA,632,"Eastern Guinean forests","No"
"363","Lamto",6.22,-5.03,NA,0.08823529,36,"CONT",NA,361,"Eastern Guinean forests","No"
"364","LaPampa",-38.75,-63.75,NA,0.2777778,18,"MAR-JUN",NA,11873.80952,"Espinal","Yes"
"365","LaPampa",-38.75,-63.75,NA,0.2777778,18,"MAR-JUN",NA,9538.492063,"Espinal","Yes"
"366","LaPampa",-38.75,-63.75,NA,0.1666667,18,"MAR-JUN",NA,10745.13889,"Espinal","Yes"
"367","LaPampa",-38.75,-63.75,NA,0.1666667,18,"MAR-JUN",NA,12161.11111,"Espinal","Yes"
"368","LaPampa",-38.75,-63.75,NA,0,18,"CONT",NA,11250.69444,"Espinal","Yes"
"369","LaPampa",-38.75,-63.75,NA,0,18,"CONT",NA,10065.97222,"Espinal","Yes"
"370","Limestone",34.558498,-111.328313,NA,0.5,30,"NOV",35.89,1606.13,"Arizona Mountains forests","No"
"371","Limestone",34.558498,-111.328313,NA,0.1,30,"NOV",47.46,1566.59,"Arizona Mountains forests","No"
"372","Limestone",34.558498,-111.328313,NA,0.125,24,"NOV",31.98,1289.84,"Arizona Mountains forests","No"
"373","Limestone",34.558498,-111.328313,NA,0.1,30,"NOV",38.13,716.58,"Arizona Mountains forests","No"
"374","Limestone",34.558498,-111.328313,NA,1,31,"NOV",39.87,850.01,"Arizona Mountains forests","No"
"375","Limestone",34.558498,-111.328313,NA,0.125,24,"NOV",32.05,958.73,"Arizona Mountains forests","No"
"376","Limestone",34.558498,-111.328313,NA,0.5,30,"NOV",40.92,815.42,"Arizona Mountains forests","No"
"377","Limestone",34.558498,-111.328313,NA,0.25,28,"NOV",31.23,1581.42,"Arizona Mountains forests","No"
"378","Limestone",34.558498,-111.328313,NA,0,0,"CONT",40.54,1858.17,"Arizona Mountains forests","No"
"379","Limestone",34.558498,-111.328313,NA,1,31,"NOV",34.28,775.88,"Arizona Mountains forests","No"
"380","Limestone",34.558498,-111.328313,NA,1,31,"NOV",31.1,756.12,"Arizona Mountains forests","No"
"381","Limestone",34.558498,-111.328313,NA,0.25,28,"NOV",36.74,1037.81,"Arizona Mountains forests","No"
"382","Limestone",34.558498,-111.328313,NA,0.5,30,"NOV",44.4,1714.85,"Arizona Mountains forests","No"
"383","Limestone",34.558498,-111.328313,NA,0.25,28,"NOV",42.66,1428.22,"Arizona Mountains forests","No"
"384","Limestone",34.558498,-111.328313,NA,0.1666667,30,"NOV",27.74,711.64,"Arizona Mountains forests","No"
"385","Limestone",34.558498,-111.328313,NA,0.125,24,"NOV",35.52,1902.64,"Arizona Mountains forests","No"
"386","Limestone",34.558498,-111.328313,NA,0.1666667,30,"NOV",33.62,840.13,"Arizona Mountains forests","No"
"387","Limestone",34.558498,-111.328313,NA,0,100,"CONT",46.13,3696.57,"Arizona Mountains forests","No"
"388","Limestone",34.558498,-111.328313,NA,0.1,30,"NOV",43.94,1690.14,"Arizona Mountains forests","No"
"389","Limestone",34.558498,-111.328313,NA,0,100,"CONT",45.61,1576.48,"Arizona Mountains forests","No"
"390","Limestone",34.558498,-111.328313,NA,0.1666667,30,"NOV",33.46,1220.66,"Arizona Mountains forests","No"
"391","Lombard",41.95,-70.033,NA,0,16,"JUNJULAUG",NA,900,"Atlantic coastal pine barrens","No"
"392","Lombard",41.95,-70.033,NA,1,10,"JUNJULAUG",NA,700,"Atlantic coastal pine barrens","No"
"393","Lombard",41.95,-70.033,NA,1,16,"JUNJULAUG",NA,650,"Atlantic coastal pine barrens","No"
"394","Lombard",41.95,-70.033,NA,1,21,"JUNJULAUG",NA,625,"Atlantic coastal pine barrens","No"
"395","Lombard",41.95,-70.033,NA,1,5,"JUNJULAUG",NA,775,"Atlantic coastal pine barrens","No"
"396","Lombard",41.95,-70.033,NA,0,16,"JUNJULAUG",NA,675,"Atlantic coastal pine barrens","No"
"397","Lombard",41.95,-70.033,NA,1,10,"JUNJULAUG",NA,625,"Atlantic coastal pine barrens","No"
"398","Lombard",41.95,-70.033,NA,1,16,"JUNJULAUG",NA,600,"Atlantic coastal pine barrens","No"
"399","Lombard",41.95,-70.033,NA,1,21,"JUNJULAUG",NA,750,"Atlantic coastal pine barrens","No"
"400","Lombard",41.95,-70.033,NA,1,5,"JUNJULAUG",NA,675,"Atlantic coastal pine barrens","No"
"401","Lombard",41.95,-70.033,NA,0,10,"JUNJULAUG",NA,1150,"Atlantic coastal pine barrens","No"
"402","Lombard",41.95,-70.033,NA,1,10,"JUNJULAUG",NA,700,"Atlantic coastal pine barrens","No"
"403","Lombard",41.95,-70.033,NA,1,16,"JUNJULAUG",NA,700,"Atlantic coastal pine barrens","No"
"404","Lombard",41.95,-70.033,NA,1,21,"JUNJULAUG",NA,700,"Atlantic coastal pine barrens","No"
"405","Lombard",41.95,-70.033,NA,1,5,"JUNJULAUG",NA,750,"Atlantic coastal pine barrens","No"
"406","Lombard",41.95,-70.033,NA,0,16,"JUNJULAUG",NA,675,"Atlantic coastal pine barrens","No"
"407","Lombard",41.95,-70.033,NA,0.5,22,"JUNJULAUG",NA,750,"Atlantic coastal pine barrens","No"
"408","Lombard",41.95,-70.033,NA,0.5,6,"JUNJULAUG",NA,675,"Atlantic coastal pine barrens","No"
"409","Lombard",41.95,-70.033,NA,0.5,10,"JUNJULAUG",NA,625,"Atlantic coastal pine barrens","No"
"410","Lombard",41.95,-70.033,NA,0.5,16,"JUNJULAUG",NA,600,"Atlantic coastal pine barrens","No"
"411","Lombard",41.95,-70.033,NA,0,16,"JUNJULAUG",NA,675,"Atlantic coastal pine barrens","No"
"412","Lombard",41.95,-70.033,NA,0.5,22,"JUNJULAUG",NA,750,"Atlantic coastal pine barrens","No"
"413","Lombard",41.95,-70.033,NA,0.5,6,"JUNJULAUG",NA,675,"Atlantic coastal pine barrens","No"
"414","Lombard",41.95,-70.033,NA,0.5,10,"JUNJULAUG",NA,625,"Atlantic coastal pine barrens","No"
"415","Lombard",41.95,-70.033,NA,0.5,16,"JUNJULAUG",NA,600,"Atlantic coastal pine barrens","No"
"416","Lombard",41.95,-70.033,NA,0,16,"JUNJULAUG",NA,1350,"Atlantic coastal pine barrens","No"
"417","Lombard",41.95,-70.033,NA,0.5,22,"JUNJULAUG",NA,750,"Atlantic coastal pine barrens","No"
"418","Lombard",41.95,-70.033,NA,0.5,6,"JUNJULAUG",NA,1125,"Atlantic coastal pine barrens","No"
"419","Lombard",41.95,-70.033,NA,0.5,10,"JUNJULAUG",NA,950,"Atlantic coastal pine barrens","No"
"420","Lombard",41.95,-70.033,NA,0.5,16,"JUNJULAUG",NA,800,"Atlantic coastal pine barrens","No"
"421","Lombard",41.95,-70.033,NA,0,16,"JUNJULAUG",NA,675,"Atlantic coastal pine barrens","No"
"422","Lombard",41.95,-70.033,NA,0.3333333,6,"JUNJULAUG",NA,675,"Atlantic coastal pine barrens","No"
"423","Lombard",41.95,-70.033,NA,0.3333333,12,"JUNJULAUG",NA,625,"Atlantic coastal pine barrens","No"
"424","Lombard",41.95,-70.033,NA,0.3333333,18,"JUNJULAUG",NA,600,"Atlantic coastal pine barrens","No"
"425","Lombard",41.95,-70.033,NA,0.3333333,21,"JUNJULAUG",NA,750,"Atlantic coastal pine barrens","No"
"426","Lombard",41.95,-70.033,NA,0,16,"JUNJULAUG",NA,975,"Atlantic coastal pine barrens","No"
"427","Lombard",41.95,-70.033,NA,0.3333333,6,"JUNJULAUG",NA,750,"Atlantic coastal pine barrens","No"
"428","Lombard",41.95,-70.033,NA,0.3333333,12,"JUNJULAUG",NA,675,"Atlantic coastal pine barrens","No"
"429","Lombard",41.95,-70.033,NA,0.3333333,18,"JUNJULAUG",NA,650,"Atlantic coastal pine barrens","No"
"430","Lombard",41.95,-70.033,NA,0.3333333,21,"JUNJULAUG",NA,600,"Atlantic coastal pine barrens","No"
"431","Lombard",41.95,-70.033,NA,0,16,"JUNJULAUG",NA,675,"Atlantic coastal pine barrens","No"
"432","Lombard",41.95,-70.033,NA,0.3333333,6,"JUNJULAUG",NA,675,"Atlantic coastal pine barrens","No"
"433","Lombard",41.95,-70.033,NA,0.3333333,12,"JUNJULAUG",NA,625,"Atlantic coastal pine barrens","No"
"434","Lombard",41.95,-70.033,NA,0.3333333,18,"JUNJULAUG",NA,600,"Atlantic coastal pine barrens","No"
"435","Lombard",41.95,-70.033,NA,0.3333333,21,"JUNJULAUG",NA,750,"Atlantic coastal pine barrens","No"
"436","Lombard",41.95,-70.033,NA,0,16,"JUNJULAUG",NA,675,"Atlantic coastal pine barrens","No"
"437","Lombard",41.95,-70.033,NA,0.25,8,"JUNJULAUG",NA,675,"Atlantic coastal pine barrens","No"
"438","Lombard",41.95,-70.033,NA,0.25,12,"JUNJULAUG",NA,625,"Atlantic coastal pine barrens","No"
"439","Lombard",41.95,-70.033,NA,0.25,16,"JUNJULAUG",NA,600,"Atlantic coastal pine barrens","No"
"440","Lombard",41.95,-70.033,NA,0.25,24,"JUNJULAUG",NA,750,"Atlantic coastal pine barrens","No"
"441","Lombard",41.95,-70.033,NA,0,16,"JUNJULAUG",NA,675,"Atlantic coastal pine barrens","No"
"442","Lombard",41.95,-70.033,NA,0.25,8,"JUNJULAUG",NA,675,"Atlantic coastal pine barrens","No"
"443","Lombard",41.95,-70.033,NA,0.25,12,"JUNJULAUG",NA,625,"Atlantic coastal pine barrens","No"
"444","Lombard",41.95,-70.033,NA,0.25,16,"JUNJULAUG",NA,600,"Atlantic coastal pine barrens","No"
"445","Lombard",41.95,-70.033,NA,0.25,24,"JUNJULAUG",NA,750,"Atlantic coastal pine barrens","No"
"446","Lombard",41.95,-70.033,NA,0,16,"JUNJULAUG",NA,775,"Atlantic coastal pine barrens","No"
"447","Lombard",41.95,-70.033,NA,0.25,8,"JUNJULAUG",NA,600,"Atlantic coastal pine barrens","No"
"448","Lombard",41.95,-70.033,NA,0.25,12,"JUNJULAUG",NA,500,"Atlantic coastal pine barrens","No"
"449","Lombard",41.95,-70.033,NA,0.25,16,"JUNJULAUG",NA,475,"Atlantic coastal pine barrens","No"
"450","Lombard",41.95,-70.033,NA,0.25,24,"JUNJULAUG",NA,450,"Atlantic coastal pine barrens","No"
"451","Lombard",41.95,-70.033,NA,0,16,"MARAPRMAY",NA,675,"Atlantic coastal pine barrens","No"
"452","Lombard",41.95,-70.033,NA,1,10,"MARAPRMAY",NA,625,"Atlantic coastal pine barrens","No"
"453","Lombard",41.95,-70.033,NA,1,16,"MARAPRMAY",21.556399,600,"Atlantic coastal pine barrens","No"
"454","Lombard",41.95,-70.033,NA,1,21,"MARAPRMAY",NA,750,"Atlantic coastal pine barrens","No"
"455","Lombard",41.95,-70.033,NA,1,5,"MARAPRMAY",NA,675,"Atlantic coastal pine barrens","No"
"456","Lombard",41.95,-70.033,NA,0,16,"MARAPRMAY",NA,675,"Atlantic coastal pine barrens","No"
"457","Lombard",41.95,-70.033,NA,1,10,"MARAPRMAY",NA,625,"Atlantic coastal pine barrens","No"
"458","Lombard",41.95,-70.033,NA,1,16,"MARAPRMAY",21.843208,600,"Atlantic coastal pine barrens","No"
"459","Lombard",41.95,-70.033,NA,1,21,"MARAPRMAY",NA,750,"Atlantic coastal pine barrens","No"
"460","Lombard",41.95,-70.033,NA,1,5,"MARAPRMAY",NA,675,"Atlantic coastal pine barrens","No"
"461","Lombard",41.95,-70.033,NA,0,16,"MARAPRMAY",NA,925,"Atlantic coastal pine barrens","No"
"462","Lombard",41.95,-70.033,NA,1,10,"MARAPRMAY",NA,675,"Atlantic coastal pine barrens","No"
"463","Lombard",41.95,-70.033,NA,1,16,"MARAPRMAY",32.17245,650,"Atlantic coastal pine barrens","No"
"464","Lombard",41.95,-70.033,NA,1,21,"MARAPRMAY",NA,625,"Atlantic coastal pine barrens","No"
"465","Lombard",41.95,-70.033,NA,1,5,"MARAPRMAY",NA,750,"Atlantic coastal pine barrens","No"
"466","Lombard",41.95,-70.033,NA,0,16,"MARAPRMAY",NA,675,"Atlantic coastal pine barrens","No"
"467","Lombard",41.95,-70.033,NA,0.5,11,"MARAPRMAY",24.388409,750,"Atlantic coastal pine barrens","No"
"468","Lombard",41.95,-70.033,NA,0.5,6,"MARAPRMAY",NA,675,"Atlantic coastal pine barrens","No"
"469","Lombard",41.95,-70.033,NA,0.5,10,"MARAPRMAY",NA,625,"Atlantic coastal pine barrens","No"
"470","Lombard",41.95,-70.033,NA,0.5,16,"MARAPRMAY",NA,600,"Atlantic coastal pine barrens","No"
"471","Lombard",41.95,-70.033,NA,0,16,"MARAPRMAY",NA,675,"Atlantic coastal pine barrens","No"
"472","Lombard",41.95,-70.033,NA,0.5,11,"MARAPRMAY",16.205287,750,"Atlantic coastal pine barrens","No"
"473","Lombard",41.95,-70.033,NA,0.5,6,"MARAPRMAY",NA,675,"Atlantic coastal pine barrens","No"
"474","Lombard",41.95,-70.033,NA,0.5,10,"MARAPRMAY",NA,625,"Atlantic coastal pine barrens","No"
"475","Lombard",41.95,-70.033,NA,0.5,16,"MARAPRMAY",NA,600,"Atlantic coastal pine barrens","No"
"476","Lombard",41.95,-70.033,NA,0,16,"MARAPRMAY",NA,675,"Atlantic coastal pine barrens","No"
"477","Lombard",41.95,-70.033,NA,0.5,11,"MARAPRMAY",29.050511,750,"Atlantic coastal pine barrens","No"
"478","Lombard",41.95,-70.033,NA,0.5,6,"MARAPRMAY",NA,675,"Atlantic coastal pine barrens","No"
"479","Lombard",41.95,-70.033,NA,0.5,10,"MARAPRMAY",NA,625,"Atlantic coastal pine barrens","No"
"480","Lombard",41.95,-70.033,NA,0.5,16,"MARAPRMAY",NA,600,"Atlantic coastal pine barrens","No"
"481","Lombard",41.95,-70.033,NA,0,16,"MARAPRMAY",NA,675,"Atlantic coastal pine barrens","No"
"482","Lombard",41.95,-70.033,NA,0.3333333,6,"MARAPRMAY",NA,675,"Atlantic coastal pine barrens","No"
"483","Lombard",41.95,-70.033,NA,0.3333333,12,"MARAPRMAY",NA,625,"Atlantic coastal pine barrens","No"
"484","Lombard",41.95,-70.033,NA,0.3333333,18,"MARAPRMAY",NA,600,"Atlantic coastal pine barrens","No"
"485","Lombard",41.95,-70.033,NA,0.3333333,21,"MARAPRMAY",15.250285,750,"Atlantic coastal pine barrens","No"
"486","Lombard",41.95,-70.033,NA,0,16,"MARAPRMAY",NA,675,"Atlantic coastal pine barrens","No"
"487","Lombard",41.95,-70.033,NA,0.3333333,6,"MARAPRMAY",NA,675,"Atlantic coastal pine barrens","No"
"488","Lombard",41.95,-70.033,NA,0.3333333,12,"MARAPRMAY",NA,625,"Atlantic coastal pine barrens","No"
"489","Lombard",41.95,-70.033,NA,0.3333333,18,"MARAPRMAY",NA,600,"Atlantic coastal pine barrens","No"
"490","Lombard",41.95,-70.033,NA,0.3333333,21,"MARAPRMAY",12.92162,750,"Atlantic coastal pine barrens","No"
"491","Lombard",41.95,-70.033,NA,0,16,"MARAPRMAY",NA,725,"Atlantic coastal pine barrens","No"
"492","Lombard",41.95,-70.033,NA,0.3333333,6,"MARAPRMAY",NA,525,"Atlantic coastal pine barrens","No"
"493","Lombard",41.95,-70.033,NA,0.3333333,12,"MARAPRMAY",NA,425,"Atlantic coastal pine barrens","No"
"494","Lombard",41.95,-70.033,NA,0.3333333,18,"MARAPRMAY",NA,350,"Atlantic coastal pine barrens","No"
"495","Lombard",41.95,-70.033,NA,0.3333333,21,"MARAPRMAY",13.77845,300,"Atlantic coastal pine barrens","No"
"496","Lombard",41.95,-70.033,NA,0,16,"MARAPRMAY",NA,675,"Atlantic coastal pine barrens","No"
"497","Lombard",41.95,-70.033,NA,0.25,8,"MARAPRMAY",NA,675,"Atlantic coastal pine barrens","No"
"498","Lombard",41.95,-70.033,NA,0.25,12,"MARAPRMAY",NA,625,"Atlantic coastal pine barrens","No"
"499","Lombard",41.95,-70.033,NA,0.25,16,"MARAPRMAY",NA,600,"Atlantic coastal pine barrens","No"
"500","Lombard",41.95,-70.033,NA,0.25,24,"MARAPRMAY",18.98925,750,"Atlantic coastal pine barrens","No"
"501","Lombard",41.95,-70.033,NA,0,16,"MARAPRMAY",NA,675,"Atlantic coastal pine barrens","No"
"502","Lombard",41.95,-70.033,NA,0.25,8,"MARAPRMAY",NA,675,"Atlantic coastal pine barrens","No"
"503","Lombard",41.95,-70.033,NA,0.25,12,"MARAPRMAY",NA,625,"Atlantic coastal pine barrens","No"
"504","Lombard",41.95,-70.033,NA,0.25,16,"MARAPRMAY",NA,600,"Atlantic coastal pine barrens","No"
"505","Lombard",41.95,-70.033,NA,0.25,24,"MARAPRMAY",24.211494,750,"Atlantic coastal pine barrens","No"
"506","Lombard",41.95,-70.033,NA,0,16,"MARAPRMAY",NA,875,"Atlantic coastal pine barrens","No"
"507","Lombard",41.95,-70.033,NA,0.25,8,"MARAPRMAY",NA,525,"Atlantic coastal pine barrens","No"
"508","Lombard",41.95,-70.033,NA,0.25,12,"MARAPRMAY",NA,425,"Atlantic coastal pine barrens","No"
"509","Lombard",41.95,-70.033,NA,0.25,16,"MARAPRMAY",NA,425,"Atlantic coastal pine barrens","No"
"510","Lombard",41.95,-70.033,NA,0.25,24,"MARAPRMAY",20.9748118,400,"Atlantic coastal pine barrens","No"
"511","Lombard",41.95,-70.033,NA,0,16,"CONT",19.457622,4550,"Atlantic coastal pine barrens","No"
"512","Lombard",41.95,-70.033,NA,0,16,"CONT",17.521201,4050,"Atlantic coastal pine barrens","No"
"513","Lombard",41.95,-70.033,NA,0,16,"CONT",21.329406,5275,"Atlantic coastal pine barrens","No"
"514","Lombard",41.95,-70.033,NA,0,16,"CONT",32.590647,4525,"Atlantic coastal pine barrens","No"
"515","Lombard",41.95,-70.033,NA,0,16,"CONT",25.866899,3325,"Atlantic coastal pine barrens","No"
"516","Marondera",-18.192876,31.542239,NA,0,54,"CONT",12.34558971,625.5506608,"Southern Miombo woodlands","Yes"
"517","Marondera",-18.192876,31.542239,NA,0.25,54,"AUG-NOV",4.288537344,171.8061674,"Southern Miombo woodlands","Yes"
"518","Marondera",-18.192876,31.542239,NA,0.33,54,"AUG-NOV",0.654455709,44.05286344,"Southern Miombo woodlands","Yes"
"519","Marondera",-18.192876,31.542239,NA,0.25,54,"AUG-NOV",0.571444057,61.67400881,"Southern Miombo woodlands","Yes"
"520","Marondera",-18.192876,31.542239,NA,0.33,54,"AUG-NOV",5.131190159,136.5638767,"Southern Miombo woodlands","Yes"
"521","Marondera",-18.192876,31.542239,NA,1,54,"AUG-NOV",0.114560018,13.21585903,"Southern Miombo woodlands","Yes"
"522","Marondera",-18.192876,31.542239,NA,0.33,54,"AUG-NOV",1.090615383,57.26872247,"Southern Miombo woodlands","Yes"
"523","Marondera",-18.192876,31.542239,NA,0.25,54,"AUG-NOV",11.74226867,528.6343612,"Southern Miombo woodlands","Yes"
"524","Marondera",-18.192876,31.542239,NA,0.5,54,"AUG-NOV",1.848665286,92.51101322,"Southern Miombo woodlands","Yes"
"525","Marondera",-18.192876,31.542239,NA,0.5,54,"AUG-NOV",1.630486868,61.67400881,"Southern Miombo woodlands","Yes"
"526","Marondera",-18.192876,31.542239,NA,0.25,54,"AUG-NOV",5.296071899,185.0220264,"Southern Miombo woodlands","Yes"
"527","Marondera",-18.192876,31.542239,NA,0.25,54,"AUG-NOV",9.015074674,383.2599119,"Southern Miombo woodlands","Yes"
"528","Marondera",-18.192876,31.542239,NA,0,54,"CONT",11.548516,572.6872247,"Southern Miombo woodlands","Yes"
"529","Marondera",-18.192876,31.542239,NA,1,54,"AUG-NOV",0.157402841,17.62114537,"Southern Miombo woodlands","Yes"
"530","Marondera",-18.192876,31.542239,NA,0.25,54,"AUG-NOV",8.099310608,277.5870904,"Southern Miombo woodlands","Yes"
"531","Marondera",-18.192876,31.542239,NA,0.5,54,"AUG-NOV",0.742531705,22.02643172,"Southern Miombo woodlands","Yes"
"532","Marondera",-18.192876,31.542239,NA,0.33,54,"AUG-NOV",1.832102396,88.10572687,"Southern Miombo woodlands","Yes"
"533","Marondera",-18.192876,31.542239,NA,0.33,54,"AUG-NOV",9.197218079,484.5814978,"Southern Miombo woodlands","Yes"
"534","Marondera",-18.192876,31.542239,NA,0.33,54,"AUG-NOV",3.475966181,149.7797357,"Southern Miombo woodlands","Yes"
"535","Marondera",-18.192876,31.542239,NA,0.5,54,"AUG-NOV",0.089141441,8.810572687,"Southern Miombo woodlands","Yes"
"536","Marondera",-18.192876,31.542239,NA,0.25,54,"AUG-NOV",3.35096615,101.3215859,"Southern Miombo woodlands","Yes"
"537","Morton",41.817,-88.05,NA,0.333,21,"FALL",19.60570581,1000,"Central forest-grasslands transition","Yes"
"538","Morton",41.817,-88.05,NA,1,21,"FALL",16.18436496,2375,"Central forest-grasslands transition","Yes"
"539","Morton",41.817,-88.05,NA,0,21,"CONT",29.08613616,6666.666667,"Central forest-grasslands transition","Yes"
"540","Morton",41.817,-88.05,NA,0,21,"CONT",22.46940375,735.2941176,"Central forest-grasslands transition","Yes"
"541","Okmulgee",35.633,-96.03,NA,0.5263158,19,"FEB-MAR",31.75447707,NA,"Central forest-grasslands transition","Yes"
"542","Okmulgee",35.633,-96.03,NA,0.2631579,19,"FEB-MAR",48.60928867,NA,"Central forest-grasslands transition","Yes"
"543","Okmulgee",35.633,-96.03,NA,0.2105263,19,"FEB-MAR",33.30184931,NA,"Central forest-grasslands transition","Yes"
"544","Okmulgee",35.633,-96.03,NA,0.3684211,19,"FEB-MAR",35.37047748,NA,"Central forest-grasslands transition","Yes"
"545","Okmulgee",35.633,-96.03,NA,0.2105263,19,"FEB-MAR",37.41052504,NA,"Central forest-grasslands transition","Yes"
"546","Okmulgee",35.633,-96.03,NA,0.1052632,19,"FEB-MAR",51.71455584,NA,"Central forest-grasslands transition","Yes"
"547","Okmulgee",35.633,-96.03,NA,0.3157895,19,"FEB-MAR",37.48150419,NA,"Central forest-grasslands transition","Yes"
"548","Okmulgee",35.633,-96.03,NA,0,19,"CONT",34.09794648,NA,"Central forest-grasslands transition","Yes"
"549","Sequoia",36.61256,-118.720808,NA,0,31,"CON",46.2,390,"Sierra Nevada forests","No"
"550","Sequoia",36.61256,-118.720808,NA,0,31,"CON",24.8,410,"Sierra Nevada forests","No"
"551","Sequoia",36.61256,-118.720808,NA,0,28,"CON",444.4,200,"Sierra Nevada forests","No"
"552","Sequoia",36.61256,-118.720808,NA,0.1,32,"SummerFall",44.6,190,"Sierra Nevada forests","No"
"553","Sequoia",36.61256,-118.720808,NA,0.1,26,"SummerFall",45.1,190,"Sierra Nevada forests","No"
"554","Sequoia",36.61256,-118.720808,NA,0.1,32,"SummerFall",154.9,520,"Sierra Nevada forests","No"
"555","TallTimbers",30.65,-84.2,NA,0.5,52,"FEB-APR",8.768472,40.42553,"Southeastern conifer forests","Yes"
"556","TallTimbers",30.65,-84.2,NA,0,52,"CONT",23.8010265,228,"Southeastern conifer forests","Yes"
"557","TallTimbers",30.65,-84.2,NA,0.5,52,"FEB-APR",7.41185,37.837837,"Southeastern conifer forests","Yes"
"558","TallTimbers",30.65,-84.2,NA,0,52,"CONT",27.8537437,256,"Southeastern conifer forests","Yes"
"559","TallTimbers",30.65,-84.2,NA,0.5,52,"FEB-APR",8.538659,52.28758,"Southeastern conifer forests","Yes"
"560","TallTimbers",30.65,-84.2,NA,0,52,"CONT",17.49051295,176.9230762,"Southeastern conifer forests","Yes"
"561","TallTimbers",30.65,-84.2,NA,0.5,52,"FEB-APR",5.430606,20.779218,"Southeastern conifer forests","Yes"
"562","TallTimbers",30.65,-84.2,NA,0,52,"CONT",33.0185935,322.05887,"Southeastern conifer forests","Yes"
"563","UniversityMissouri",36.9,-90.31666667,NA,0.25,64,"MAR-MAY",18.16,137.5,"Central U.S. hardwood forests","No"
"564","UniversityMissouri",36.9,-90.31666667,NA,0.25,64,"MAR-MAY",14.5894079,125,"Central U.S. hardwood forests","No"
"565","UniversityMissouri",36.9,-90.31666667,NA,0,64,"CONT",26.90796122,368.75,"Central U.S. hardwood forests","No"
"566","UniversityMissouri",36.9,-90.31666667,NA,0,64,"CONT",18.8917848,306.25,"Central U.S. hardwood forests","No"
"567","UniversityMissouri",36.9,-90.31666667,NA,1,64,"MAR-MAY",16.6257988,200,"Central U.S. hardwood forests","No"
"568","UniversityMissouri",36.9,-90.31666667,NA,1,64,"MAR-MAY",19.268807,287.5,"Central U.S. hardwood forests","No"
"569","UniversityMissouri",36.9,-90.31666667,NA,1,62,"MAR-MAY",20.7669886,250,"Central U.S. hardwood forests","No"
"570","UniversityMissouri",36.9,-90.31666667,NA,0.25,62,"MAR-MAY",17.5728,237.5,"Central U.S. hardwood forests","No"
"571","UniversityMissouri",36.9,-90.31666667,NA,0.25,62,"MAR-MAY",17.8670396,243.75,"Central U.S. hardwood forests","No"
"572","UniversityMissouri",36.9,-90.31666667,NA,0,62,"CONT",22.3651767,350,"Central U.S. hardwood forests","No"
"573","UniversityMissouri",36.9,-90.31666667,NA,1,62,"MAR-MAY",20.5383477,262.5,"Central U.S. hardwood forests","No"
"574","UniversityMissouri",36.9,-90.31666667,NA,0,62,"CONT",23.32350826,306.25,"Central U.S. hardwood forests","No"
"575","WetPeachester",-26.83333333,152.8833333,NA,0,39,"CONT",48.8,NA,"Eastern Australian temperate forests","No"
"576","WetPeachester",-26.83333333,152.8833333,NA,0.2051282,39,"JUN - SEP",40.37,NA,"Eastern Australian temperate forests","No"
"577","WetPeachester",-26.83333333,152.8833333,NA,0.2051282,39,"JUN - SEP",53.61,NA,"Eastern Australian temperate forests","No"
"578","WetPeachester",-26.83333333,152.8833333,NA,0.3947368,38,"JUN - SEP",37.9,NA,"Eastern Australian temperate forests","No"
"579","WetPeachester",-26.83333333,152.8833333,NA,0.3947368,38,"JUN - SEP",54.56,NA,"Eastern Australian temperate forests","No"
"580","WetPeachester",-26.83333333,152.8833333,NA,0,38,"CONT",59.36,NA,"Eastern Australian temperate forests","No"
"581","WetPeachester",-26.83333333,152.8833333,NA,0.3846154,39,"JUN - SEP",50.49,NA,"Eastern Australian temperate forests","No"
"582","WetPeachester",-26.83333333,152.8833333,NA,0.3846154,39,"JUN - SEP",48.21,NA,"Eastern Australian temperate forests","No"
"583","WetPeachester",-26.83333333,152.8833333,NA,0.2051282,39,"JUN - SEP",48.21,NA,"Eastern Australian temperate forests","No"
"584","WetPeachester",-26.83333333,152.8833333,NA,0.2051282,39,"JUN - SEP",55.19,NA,"Eastern Australian temperate forests","No"
"585","WetPeachester",-26.83333333,152.8833333,NA,0,39,"CONT",47.6,NA,"Eastern Australian temperate forests","No"
"586","WetPeachester",-26.83333333,152.8833333,NA,0,39,"CONT",60.71,NA,"Eastern Australian temperate forests","No"
"587","Wharton",39.63333333,-74.63333333,NA,0,50,"CONT",56.09817696,2800.429713,"Atlantic coastal pine barrens","No"
"588","Wharton",39.63333333,-74.63333333,NA,0.1666667,50,"WINTER",29.58930511,1661.783915,"Atlantic coastal pine barrens","No"
"589","Wharton",39.63333333,-74.63333333,NA,0,50,"CONT",54.94245438,2856.884557,"Atlantic coastal pine barrens","No"
"590","Wharton",39.63333333,-74.63333333,NA,0.1666667,50,"WINTER",37.25259084,1097.265662,"Atlantic coastal pine barrens","No"
"591","Wharton",39.63333333,-74.63333333,NA,0.1666667,50,"WINTER",32.77141817,1107.855877,"Atlantic coastal pine barrens","No"
"592","Wharton",39.63333333,-74.63333333,NA,0.1666667,50,"WINTER",26.97629595,1665.721708,"Atlantic coastal pine barrens","No"
"593","Wharton",39.63333333,-74.63333333,NA,0.1666667,50,"WINTER",27.19448507,2747.331543,"Atlantic coastal pine barrens","No"
"594","Wharton",39.63333333,-74.63333333,NA,0.1666667,50,"WINTER",27.34417757,809.7453646,"Atlantic coastal pine barrens","No"
"595","Wharton",39.63333333,-74.63333333,NA,0.1666667,50,"WINTER",32.18390081,2083.922028,"Atlantic coastal pine barrens","No"
"596","Wharton",39.63333333,-74.63333333,NA,0.1666667,50,"WINTER",29.18688942,902.8172293,"Atlantic coastal pine barrens","No"
"597","Wharton",39.63333333,-74.63333333,NA,0.1666667,50,"WINTER",16.86439687,1081.086111,"Atlantic coastal pine barrens","No"
"598","MatoposThornveld",-20.6,28.5,NA,0,15,"",NA,34763.44512,"Southern Africa bushveld","Yes"
"599","MatoposThornveld",-20.6,28.5,NA,1,15,"",NA,16791.70079,"Southern Africa bushveld","Yes"
"600","MatoposThornveld",-20.6,28.5,NA,1,15,"",NA,13586.44736,"Southern Africa bushveld","Yes"
"601","MatoposThornveld",-20.6,28.5,NA,1,15,"",NA,12103.41965,"Southern Africa bushveld","Yes"
"602","MatoposThornveld",-20.6,28.5,NA,0.5,15,"",NA,9009.791969,"Southern Africa bushveld","Yes"
"603","MatoposThornveld",-20.6,28.5,NA,0.5,15,"",NA,11928.00778,"Southern Africa bushveld","Yes"
"604","MatoposThornveld",-20.6,28.5,NA,0.33,15,"",NA,20714.54826,"Southern Africa bushveld","Yes"
"605","MatoposThornveld",-20.6,28.5,NA,0.33,15,"",NA,13458.87508,"Southern Africa bushveld","Yes"
"606","MatoposThornveld",-20.6,28.5,NA,0.2,15,"",NA,20395.61757,"Southern Africa bushveld","Yes"
"607","MatoposSandveld",-20.6,28.5,NA,0,16,"",NA,19004.28093,"Southern Africa bushveld","Yes"
"608","MatoposSandveld",-20.6,28.5,NA,1,16,"",NA,8371.929924,"Southern Africa bushveld","Yes"
"609","MatoposSandveld",-20.6,28.5,NA,1,16,"",NA,9436.361014,"Southern Africa bushveld","Yes"
"610","MatoposSandveld",-20.6,28.5,NA,1,16,"",NA,8168.611625,"Southern Africa bushveld","Yes"
"611","MatoposSandveld",-20.6,28.5,NA,0.5,16,"",NA,22843.40879,"Southern Africa bushveld","Yes"
"612","MatoposSandveld",-20.6,28.5,NA,0.5,16,"",NA,9209.122916,"Southern Africa bushveld","Yes"
"613","MatoposSandveld",-20.6,28.5,NA,0.33,16,"",NA,8108.812126,"Southern Africa bushveld","Yes"
"614","MatoposSandveld",-20.6,28.5,NA,0.33,16,"",NA,13407.04778,"Southern Africa bushveld","Yes"
"615","MatoposSandveld",-20.6,28.5,NA,0.2,16,"",NA,6015.829645,"Southern Africa bushveld","Yes"
"616","Red Volta",10.9,-0.7,NA,0,27,"",NA,1307,"West Sudanian savanna","Yes"
"617","Red Volta",10.9,-0.7,NA,1,27,"",NA,515,"West Sudanian savanna","Yes"
"618","Red Volta",10.9,-0.7,NA,1,27,"",NA,327,"West Sudanian savanna","Yes"
"619","Munmarlary_OpenForest",-12.46,132.5,NA,0,21,"",NA,13640,"Arnhem Land tropical savanna","Yes"
"620","Munmarlary_OpenForest",-12.46,132.5,NA,1,21,"",NA,11388,"Arnhem Land tropical savanna","Yes"
"621","Munmarlary_OpenForest",-12.46,132.5,NA,1,21,"",NA,21104,"Arnhem Land tropical savanna","Yes"
"622","Munmarlary_OpenForest",-12.46,132.5,NA,0.5,21,"",NA,21596,"Arnhem Land tropical savanna","Yes"
"623","Munmarlary_Woodlands",-12.46,132.5,NA,0,23,"",NA,9720,"Arnhem Land tropical savanna","Yes"
"624","Munmarlary_Woodlands",-12.46,132.5,NA,1,23,"",NA,12784,"Arnhem Land tropical savanna","Yes"
"625","Munmarlary_Woodlands",-12.46,132.5,NA,1,23,"",NA,15292,"Arnhem Land tropical savanna","Yes"
"626","Munmarlary_Woodlands",-12.46,132.5,NA,0.5,23,"",NA,13080,"Arnhem Land tropical savanna","Yes"
"627","Solar Village",-12.62,131.1,NA,0,23,"",12.7,8907,"Arnhem Land tropical savanna","Yes"
"628","Solar Village",-12.62,131.1,NA,0,23,"",13.9,7784,"Arnhem Land tropical savanna","Yes"
"629","Solar Village",-12.62,131.1,NA,1,23,"",9.8,1780,"Arnhem Land tropical savanna","Yes"
"630","Solar Village",-12.62,131.1,NA,1,23,"",8,2813,"Arnhem Land tropical savanna","Yes"
"631","Kanji-TerMac",10.2,4.4,NA,1,3,"",NA,2960,"West Sudanian savanna","Yes"
"632","Kanji-TerMac",10.2,4.4,NA,1,3,"",NA,230,"West Sudanian savanna","Yes"
"633","Kanji-TerMac",10.2,4.4,NA,0,3,"",NA,560,"West Sudanian savanna","Yes"
"634","Kanji-Woodland",10.2,4.4,NA,1,3,"",NA,1140,"West Sudanian savanna","Yes"
"635","Kanji-Woodland",10.2,4.4,NA,1,3,"",NA,430,"West Sudanian savanna","Yes"
"636","Kanji-Woodland",10.2,4.4,NA,0,3,"",NA,970,"West Sudanian savanna","Yes"
"637","Kanji-BurkDet",10.2,4.4,NA,1,3,"",NA,3750,"West Sudanian savanna","Yes"
"638","Kanji-BurkDet",10.2,4.4,NA,1,3,"",NA,800,"West Sudanian savanna","Yes"
"639","Kanji-BurkDet",10.2,4.4,NA,0,3,"",NA,2980,"West Sudanian savanna","Yes"
"640","Territory Wildlife Park",-12.7,130.98,NA,0,3,"",NA,3339,"Arnhem Land tropical savanna","Yes"
"641","Territory Wildlife Park",-12.7,130.98,NA,1,3,"",NA,2340,"Arnhem Land tropical savanna","Yes"
"642","Territory Wildlife Park",-12.7,130.98,NA,0.5,3,"",NA,1652,"Arnhem Land tropical savanna","Yes"
"643","Kapalga",-12.57,132.27,NA,0,4,"",10.21,966,"Arnhem Land tropical savanna","Yes"
"644","Kapalga",-12.57,132.27,NA,1,4,"",8.83,726,"Arnhem Land tropical savanna","Yes"
"645","Kapalga",-12.57,132.27,NA,1,4,"",7.4,306,"Arnhem Land tropical savanna","Yes"
"646","Central Sierra Nevada",38,-120,NA,0,NA,"",NA,1103,"Sierra Nevada forests","No"
"647","Central Sierra Nevada",38,-120,NA,1,NA,"",NA,441.3,"Sierra Nevada forests","No"
"648","Northern Rocky Mountains",43,-113,NA,0,NA,"",NA,2575.4,"Snake-Columbia shrub steppe","No"
"649","Northern Rocky Mountains",43,-113,NA,1,NA,"",NA,2119.1,"Snake-Columbia shrub steppe","No"
"650","Blue Mountains",45.5,-117,NA,0,NA,"",NA,394,"Palouse grasslands","Yes"
"651","Blue Mountains",45.5,-117,NA,1,NA,"",NA,244.7,"Palouse grasslands","Yes"
"652","Southwestern Plateau",35,-112,NA,0,NA,"",NA,636.9,"Arizona Mountains forests","No"
"653","Southwestern Plateau",35,-112,NA,1,NA,"",NA,552.6,"Arizona Mountains forests","No"
"654","Southern Cascades",41.5,-122,NA,0,NA,"",NA,2021.8,"Eastern Cascades forests","No"
"655","Southern Cascades",41.5,-122,NA,1,NA,"",NA,686.3,"Eastern Cascades forests","No"
"656","Teakettle",37,-119,NA,0,4,"",56.4,469,"Sierra Nevada forests","No"
"657","Teakettle",37,-119,NA,1,4,"",53.7,353.8,"Sierra Nevada forests","No"
"658","Cape Cleveland",-19.27,147.03,NA,0,4,"",21.9,714,"Brigalow tropical savanna","Yes"
"659","Cape Cleveland",-19.27,147.03,NA,1,4,"",22.4,357,"Brigalow tropical savanna","Yes"
"660","Cape Cleveland",-19.27,147.03,NA,1,4,"",26.3,536,"Brigalow tropical savanna","Yes"
